"cenario","fold","metodo","percentual_p","p","n_treino","n_teste","seed","runtime_seconds","r_true_g","rmse_true_g","mae_true_g","bias_true_g","slope_true_g","r2_true_g","r_phenotype","rmse_phenotype","r_baseline","rmse_baseline","delta_r","delta_rmse"
"C1",1,"GBLUP",100,4010,800,200,20362108,15.5,0.620572335938096,1.48248841694024,1.17111689323942,0.0121651488474595,0.876665287825914,0.377445771521544,0.50202199790263,1.99686883650429,0.620572335938096,1.48248841694024,0,0
"C1",1,"GBLUP",50,2005,800,200,20362058,11.87,0.61821904766637,1.50603366856035,1.17348194560524,0.00993691225444671,0.797462806230513,0.357513611035123,0.503923372542999,2.00875213083572,0.620572335938096,1.48248841694024,0.00235328827172676,0.0235452516201071
"C1",1,"GBLUP",25,1003,800,200,20362033,13.3,0.622542919860194,1.51168764654245,1.18238721351289,0.00994328685738452,0.769305042537328,0.352680488422287,0.501950013501811,2.02261881606734,0.620572335938096,1.48248841694024,-0.0019705839220977,0.0291992296022148
"C1",1,"GBLUP",10,401,800,200,20362018,9.67,0.647078780181886,1.46143301880959,1.13969976706051,0.0348707666863514,0.808923007592756,0.395004143413532,0.519839736735499,1.98904705649969,0.620572335938096,1.48248841694024,-0.0265064442437896,-0.0210553981306516
"C1",1,"GBLUP",5,201,800,200,20362013,9.42000000000001,0.661296105074844,1.42941492551714,1.13737122037134,0.00402967859815426,0.839078185668973,0.421223092740188,0.550886944625402,1.93132998077125,0.620572335938096,1.48248841694024,-0.0407237691367481,-0.0530734914231028
"C1",1,"GBLUP",1,40,800,200,20362009,9.40000000000001,0.650587873655611,1.43753754310402,1.15602668141812,-0.0313874550624987,0.87678556341493,0.414626630669741,0.555448424187007,1.91616362732568,0.620572335938096,1.48248841694024,-0.0300155377175144,-0.0449508738362177
"C1",1,"MARS",100,4010,800,200,20362208,24.1,0.846648753820029,1.00923474128328,0.791754335569779,-0.102368152633363,0.945650935670244,0.711477986948905,0.698534636908872,1.65020139590887,0.846648753820029,1.00923474128328,0,0
"C1",1,"MARS",50,2005,800,200,20362158,15.3,0.846648753820029,1.00923474128328,0.791754335569779,-0.102368152633363,0.945650935670244,0.711477986948905,0.698534636908872,1.65020139590887,0.846648753820029,1.00923474128328,0,0
"C1",1,"MARS",25,1003,800,200,20362133,3.53,0.846648753820029,1.00923474128328,0.791754335569779,-0.102368152633363,0.945650935670244,0.711477986948905,0.698534636908872,1.65020139590887,0.846648753820029,1.00923474128328,0,0
"C1",1,"MARS",10,401,800,200,20362118,0.810000000000002,0.846648753820029,1.00923474128328,0.791754335569779,-0.102368152633363,0.945650935670244,0.711477986948905,0.698534636908872,1.65020139590887,0.846648753820029,1.00923474128328,0,0
"C1",1,"MARS",5,201,800,200,20362113,0.299999999999983,0.846648753820029,1.00923474128328,0.791754335569779,-0.102368152633363,0.945650935670244,0.711477986948905,0.698534636908872,1.65020139590887,0.846648753820029,1.00923474128328,0,0
"C1",1,"MARS",1,40,800,200,20362109,0.0699999999999932,0.846648753820029,1.00923474128328,0.791754335569779,-0.102368152633363,0.945650935670244,0.711477986948905,0.698534636908872,1.65020139590887,0.846648753820029,1.00923474128328,0,0
"C1",1,"TREE",100,4010,800,200,20362308,8.79,0.820947158938993,1.08124272288336,0.87294365011389,0.0064669621745319,0.919937309434183,0.668837643164043,0.703561425354581,1.63547371603353,0.820947158938993,1.08124272288336,0,0
"C1",1,"TREE",50,2005,800,200,20362258,5.69,0.813481756767871,1.10305735727431,0.883735174581976,-0.00432456229355623,0.910416965153635,0.655340097355661,0.696931689925041,1.65107277322563,0.820947158938993,1.08124272288336,0.00746540217112135,0.0218146343909473
"C1",1,"TREE",25,1003,800,200,20362233,2.16,0.813481756767871,1.10305735727431,0.883735174581976,-0.00432456229355623,0.910416965153635,0.655340097355661,0.696931689925041,1.65107277322563,0.820947158938993,1.08124272288336,0.00746540217112135,0.0218146343909473
"C1",1,"TREE",10,401,800,200,20362218,0.719999999999999,0.813481756767871,1.10305735727431,0.883735174581976,-0.00432456229355623,0.910416965153635,0.655340097355661,0.696931689925041,1.65107277322563,0.820947158938993,1.08124272288336,0.00746540217112135,0.0218146343909473
"C1",1,"TREE",5,201,800,200,20362213,0.310000000000002,0.813481756767871,1.10305735727431,0.883735174581976,-0.00432456229355623,0.910416965153635,0.655340097355661,0.696931689925041,1.65107277322563,0.820947158938993,1.08124272288336,0.00746540217112135,0.0218146343909473
"C1",1,"TREE",1,40,800,200,20362209,0.0599999999999739,0.686877067279024,1.37255991706166,1.20055529288852,0.129485941671706,0.962871099730088,0.466349164511883,0.598144900538132,1.84849962562282,0.820947158938993,1.08124272288336,0.134070091659969,0.291317194178299
"C1",1,"BAGGING",100,4010,800,200,20362408,429.09,0.900370509361677,0.846862312103482,0.690992489483333,0.0357261816499883,1.14789606696662,0.796848430718499,0.763330604844412,1.51283856715242,0.900370509361677,0.846862312103482,0,0
"C1",1,"BAGGING",50,2005,800,200,20362358,266.42,0.897973476785906,0.854911791953523,0.695274796416664,0.0425726399166717,1.14463530014026,0.792968139705332,0.764602085461726,1.51014865027051,0.900370509361677,0.846862312103482,0.00239703257577017,0.00804947985004134
"C1",1,"BAGGING",25,1003,800,200,20362333,136.49,0.901339217816432,0.837231616831738,0.678647996533336,0.0299480890333179,1.12974833847112,0.801442721947141,0.767511354859647,1.49859157848693,0.900370509361677,0.846862312103482,-0.000968708454755052,-0.00963069527174354
"C1",1,"BAGGING",10,401,800,200,20362318,53.61,0.90372930168232,0.821058025324333,0.672804619866668,0.0344614478999972,1.10480885334079,0.809040059589003,0.772629223610059,1.48027526279883,0.900370509361677,0.846862312103482,-0.00335879232064329,-0.0258042867791488
"C1",1,"BAGGING",5,201,800,200,20362313,26.5,0.90939600161266,0.790190406177988,0.648476709233338,0.0399841670333279,1.0687248446788,0.823128412120884,0.781704625808781,1.44882765657074,0.900370509361677,0.846862312103482,-0.00902549225098292,-0.0566719059254936
"C1",1,"BAGGING",1,40,800,200,20362309,5.68000000000001,0.897482296757921,0.841792092886723,0.6703533957117,0.0489849135049859,0.923538913441051,0.799273711826915,0.751038574911469,1.5227480055056,0.900370509361677,0.846862312103482,0.00288821260375605,-0.00507021921675843
"C1",1,"RF",100,4010,800,200,20362508,168.48,0.902341258676914,0.845704259944734,0.681186972283333,0.0542946582500014,1.16292317047078,0.797403654998407,0.768596418100629,1.50482756412005,0.902341258676914,0.845704259944734,0,0
"C1",1,"RF",50,2005,800,200,20362458,101.87,0.899342849646122,0.849101265816069,0.686796260700011,0.0397196309666666,1.14259910512584,0.795772817313378,0.76661294565037,1.50460664202562,0.902341258676914,0.845704259944734,0.00299840903079185,0.00339700587133551
"C1",1,"RF",25,1003,800,200,20362433,51.14,0.906209571321024,0.819218206369822,0.655633808966671,0.0554702744333272,1.12714341890789,0.809894903160889,0.770964220795913,1.48939988364534,0.902341258676914,0.845704259944734,-0.00386831264411003,-0.0264860535749118
"C1",1,"RF",10,401,800,200,20362418,21.84,0.912668181715327,0.782531726554088,0.625353691683331,0.0331299182833399,1.0936848448608,0.82654034493638,0.778702871326945,1.46061176350086,0.902341258676914,0.845704259944734,-0.0103269230384126,-0.0631725333906458
"C1",1,"RF",5,201,800,200,20362413,12.03,0.915527652669584,0.758661310927157,0.61493934718334,0.0291740608166678,1.035560530522,0.836961397559543,0.784212874352404,1.43460919885498,0.902341258676914,0.845704259944734,-0.0131863939926697,-0.0870429490175765
"C1",1,"RF",1,40,800,200,20362409,2.82999999999998,0.867941914091613,0.969049420753036,0.774368510704938,0.067198050675276,0.865966652837685,0.733997068853224,0.715872096382025,1.62491407406877,0.902341258676914,0.845704259944734,0.0343993445853016,0.123345160808302
"C1",1,"BOOSTING",100,4010,800,200,20362608,32.53,0.928432106793855,0.883796582953937,0.71780731523405,-0.0464877415551958,1.44847061203427,0.778741886140587,0.762587977830495,1.58647371250627,0.928432106793855,0.883796582953937,0,0
"C1",1,"BOOSTING",50,2005,800,200,20362558,24.79,0.929957588044338,0.868680783542931,0.700056062177583,-0.0542594606762446,1.42820809139358,0.786245631840586,0.764466668206652,1.57682424740569,0.928432106793855,0.883796582953937,-0.00152548125048291,-0.015115799411006
"C1",1,"BOOSTING",25,1003,800,200,20362533,10.4,0.92902396758733,0.869605719205053,0.697571807623682,-0.0662976212798586,1.42215289082448,0.785790195740169,0.760569208417524,1.58285032537306,0.928432106793855,0.883796582953937,-0.000591860793475174,-0.0141908637488833
"C1",1,"BOOSTING",10,401,800,200,20362518,4.11000000000001,0.931076765008301,0.855464967276457,0.692562026426224,-0.0652626392595271,1.40880852472119,0.792700130843507,0.766372420357272,1.56759808789897,0.928432106793855,0.883796582953937,-0.00264465821444682,-0.0283316156774794
"C1",1,"BOOSTING",5,201,800,200,20362513,2.39000000000001,0.933514029966458,0.843724040355711,0.678427401131139,-0.0679206786075578,1.40256400455716,0.798351304387576,0.770173142443534,1.55779775831021,0.928432106793855,0.883796582953937,-0.00508192317260325,-0.040072542598226
"C1",1,"BOOSTING",1,40,800,200,20362509,0.430000000000007,0.947424037029299,0.749124754519025,0.604313259547104,-0.0655228963665104,1.33040241380388,0.841034505102348,0.786170320706674,1.49817933682512,0.928432106793855,0.883796582953937,-0.0189919302354444,-0.134671828434912
"C1",2,"GBLUP",100,4010,800,200,20363108,17.47,0.624042063613545,1.50649186304849,1.17820846457692,0.207572148668228,0.995662198163079,0.377605102138971,0.529260345681148,1.91957217505139,0.624042063613545,1.50649186304849,0,0
"C1",2,"GBLUP",50,2005,800,200,20363058,15.67,0.614101200530317,1.52822583331347,1.19789315981289,0.219481636439095,0.902590806423807,0.359517132973106,0.518980841196537,1.93907176721282,0.624042063613545,1.50649186304849,0.00994086308322739,0.021733970264983
"C1",2,"GBLUP",25,1003,800,200,20363033,14.67,0.610493353793421,1.53966984235234,1.20653598773784,0.238303960329009,0.8776768334936,0.349888797300102,0.519453090661112,1.94220133512498,0.624042063613545,1.50649186304849,0.0135487098201239,0.0331779793038463
"C1",2,"GBLUP",10,401,800,200,20363018,11.75,0.62288620645222,1.51404751706422,1.19945536343585,0.201734957661551,0.893777768878203,0.371346331908484,0.527136598135953,1.92732193822382,0.624042063613545,1.50649186304849,0.00115585716132427,0.00755565401573088
"C1",2,"GBLUP",5,201,800,200,20363013,9.33000000000001,0.617624606700699,1.52071300555433,1.1933287995103,0.206304199700315,0.90722532206234,0.365798939957421,0.50371255638644,1.9609911757541,0.624042063613545,1.50649186304849,0.00641745691284556,0.0142211425058378
"C1",2,"GBLUP",1,40,800,200,20363009,11.22,0.6294796799308,1.49864725490957,1.16094465198321,0.206372564745112,0.965870713984976,0.384070098417288,0.516978306143257,1.93801800903411,0.624042063613545,1.50649186304849,-0.0054376163172557,-0.00784460813892029
"C1",2,"MARS",100,4010,800,200,20363208,41.6,0.79868533427582,1.15358345070872,0.887156822883354,0.101866492310635,1.00038519477641,0.635052429080189,0.644081337135037,1.72720000354154,0.79868533427582,1.15358345070872,0,0
"C1",2,"MARS",50,2005,800,200,20363158,10.73,0.79868533427582,1.15358345070872,0.887156822883354,0.101866492310635,1.00038519477641,0.635052429080189,0.644081337135037,1.72720000354154,0.79868533427582,1.15358345070872,0,0
"C1",2,"MARS",25,1003,800,200,20363133,3.45,0.79868533427582,1.15358345070872,0.887156822883354,0.101866492310635,1.00038519477641,0.635052429080189,0.644081337135037,1.72720000354154,0.79868533427582,1.15358345070872,0,0
"C1",2,"MARS",10,401,800,200,20363118,0.690000000000012,0.79868533427582,1.15358345070872,0.887156822883354,0.101866492310635,1.00038519477641,0.635052429080189,0.644081337135037,1.72720000354154,0.79868533427582,1.15358345070872,0,0
"C1",2,"MARS",5,201,800,200,20363113,0.280000000000001,0.79868533427582,1.15358345070872,0.887156822883354,0.101866492310635,1.00038519477641,0.635052429080189,0.644081337135037,1.72720000354154,0.79868533427582,1.15358345070872,0,0
"C1",2,"MARS",1,40,800,200,20363109,0.0300000000000011,0.79868533427582,1.15358345070872,0.887156822883354,0.101866492310635,1.00038519477641,0.635052429080189,0.644081337135037,1.72720000354154,0.79868533427582,1.15358345070872,0,0
"C1",2,"TREE",100,4010,800,200,20363308,11.27,0.838782119225355,1.05138924407868,0.818936313553427,-0.0294451495816813,0.91250094119861,0.69684865261276,0.65571279258291,1.72681823086356,0.838782119225355,1.05138924407868,0,0
"C1",2,"TREE",50,2005,800,200,20363258,4.5,0.838782119225353,1.05138924407868,0.818936313553427,-0.0294451495816767,0.912500941198614,0.696848652612759,0.65571279258291,1.72681823086356,0.838782119225355,1.05138924407868,1.11022302462516e-15,1.33226762955019e-15
"C1",2,"TREE",25,1003,800,200,20363233,2.03,0.838782119225353,1.05138924407868,0.818936313553427,-0.0294451495816767,0.912500941198614,0.696848652612759,0.65571279258291,1.72681823086356,0.838782119225355,1.05138924407868,1.11022302462516e-15,1.33226762955019e-15
"C1",2,"TREE",10,401,800,200,20363218,0.590000000000003,0.838782119225353,1.05138924407868,0.818936313553427,-0.0294451495816767,0.912500941198614,0.696848652612759,0.65571279258291,1.72681823086356,0.838782119225355,1.05138924407868,1.11022302462516e-15,1.33226762955019e-15
"C1",2,"TREE",5,201,800,200,20363213,0.300000000000011,0.838782119225353,1.05138924407868,0.818936313553427,-0.0294451495816767,0.912500941198614,0.696848652612759,0.65571279258291,1.72681823086356,0.838782119225355,1.05138924407868,1.11022302462516e-15,1.33226762955019e-15
"C1",2,"TREE",1,40,800,200,20363209,0.0400000000000205,0.667045297885699,1.42722776680601,1.18638934800548,0.103075483178035,0.962941499510495,0.441376738686747,0.549148837469953,1.88713613885132,0.838782119225355,1.05138924407868,0.171736821339655,0.375838522727328
"C1",2,"BAGGING",100,4010,800,200,20363408,594.25,0.861848511033302,0.978804120139219,0.777812314533334,0.125296027733321,1.04217073884907,0.737261315670661,0.706469258855613,1.59769367631232,0.861848511033302,0.978804120139219,0,0
"C1",2,"BAGGING",50,2005,800,200,20363358,273.13,0.864502984807123,0.969900530536188,0.7711587488,0.12151130606665,1.043464403988,0.742019525595871,0.710003641919892,1.58958997671394,0.861848511033302,0.978804120139219,-0.00265447377382133,-0.00890358960303106
"C1",2,"BAGGING",25,1003,800,200,20363333,135.73,0.866490922523763,0.961596773829797,0.768657176933341,0.1120350262,1.03680850038718,0.746417990852529,0.71458798005953,1.57868449906641,0.861848511033302,0.978804120139219,-0.00464241149046185,-0.0172073463094224
"C1",2,"BAGGING",10,401,800,200,20363318,53.24,0.877281700940309,0.921980510403819,0.748504657516672,0.0929802358166605,1.0224282567676,0.766881937664133,0.729809797948833,1.54218719503018,0.861848511033302,0.978804120139219,-0.0154331899070075,-0.0568236097354006
"C1",2,"BAGGING",5,201,800,200,20363313,26.9100000000001,0.886425931167368,0.885370737664581,0.709406326066661,0.0509801477666606,1.00368968546031,0.785027567180904,0.732737610369651,1.53493527790573,0.861848511033302,0.978804120139219,-0.0245774201340661,-0.0934333824746389
"C1",2,"BAGGING",1,40,800,200,20363309,5.71000000000004,0.865126361541862,0.972241854018332,0.765476260661656,0.0586493416623827,0.913399975647591,0.740772501255719,0.689640852169193,1.65253546974765,0.861848511033302,0.978804120139219,-0.00327785050856022,-0.00656226612088762
"C1",2,"RF",100,4010,800,200,20363508,220.2,0.867088517724757,0.963597796517001,0.768509023933337,0.126848375466661,1.05535303280876,0.745361516194313,0.715516945741724,1.57772770561507,0.867088517724757,0.963597796517001,0,0
"C1",2,"RF",50,2005,800,200,20363458,105.28,0.866134047076661,0.96388553191352,0.773521540016673,0.116731566316666,1.04241267905916,0.7452094206944,0.717409578109152,1.57258040121201,0.867088517724757,0.963597796517001,0.000954470648096839,0.000287735396519051
"C1",2,"RF",25,1003,800,200,20363433,54.9699999999999,0.867788589093835,0.955898437733229,0.769564084866667,0.0957047668666652,1.04031014214731,0.749414494373685,0.721408499392448,1.56258246916509,0.867088517724757,0.963597796517001,-0.000700071369077349,-0.00769935878377159
"C1",2,"RF",10,401,800,200,20363418,23.36,0.889152854957506,0.879793426331261,0.703073229683329,0.087807555449987,1.03179917152156,0.787727434570452,0.740141344853087,1.51697694565436,0.867088517724757,0.963597796517001,-0.0220643372327488,-0.0838043701857395
"C1",2,"RF",5,201,800,200,20363413,12.0100000000001,0.904412185415977,0.81794078226327,0.649007077999995,0.0716156251333393,1.00604858987001,0.816525307587513,0.757391896290112,1.47258073513215,0.867088517724757,0.963597796517001,-0.0373236676912199,-0.145657014253731
"C1",2,"RF",1,40,800,200,20363409,2.88999999999999,0.832557954084932,1.08655158430295,0.889327696239796,0.0629519938374771,0.868705995262629,0.676232581853742,0.651360144495747,1.74878490046649,0.867088517724757,0.963597796517001,0.0345305636398252,0.12295378778595
"C1",2,"BOOSTING",100,4010,800,200,20363608,42.81,0.906098696882891,0.963913758697211,0.778287525235344,0.101647073623878,1.42482261256726,0.745194497711045,0.748309022718045,1.56965752210102,0.906098696882891,0.963913758697211,0,0
"C1",2,"BOOSTING",50,2005,800,200,20363558,22.25,0.906334067561886,0.958258936497325,0.771848089183393,0.0961543579972047,1.41530233538387,0.748175372962145,0.748464927871688,1.56668303508538,0.906098696882891,0.963913758697211,-0.000235370678995039,-0.005654822199886
"C1",2,"BOOSTING",25,1003,800,200,20363533,10.42,0.905772329792535,0.964295335941253,0.780650639111372,0.0989714086669039,1.42403501778158,0.744992721929954,0.750706652604396,1.56531550865354,0.906098696882891,0.963913758697211,0.000326367090355273,0.000381577244041753
"C1",2,"BOOSTING",10,401,800,200,20363518,4.04999999999995,0.906487684897884,0.956911951083095,0.775759992857949,0.0966742997664743,1.41330611654755,0.748882834555218,0.751141297237431,1.5613976313202,0.906098696882891,0.963913758697211,-0.000388988014993652,-0.00700180761411573
"C1",2,"BOOSTING",5,201,800,200,20363513,1.98000000000002,0.909854345208445,0.93905280326886,0.760747098666385,0.0898884642327403,1.39946958353891,0.758168722415951,0.752386134534063,1.55404193804956,0.906098696882891,0.963913758697211,-0.00375564832555397,-0.0248609554283512
"C1",2,"BOOSTING",1,40,800,200,20363509,0.370000000000005,0.913977150305089,0.891818477865434,0.711068772974141,0.0869448583330472,1.32986586969574,0.781885079075435,0.753276013046095,1.53298899178184,0.906098696882891,0.963913758697211,-0.00787845342219795,-0.0720952808317774
"C1",3,"GBLUP",100,4010,800,200,20364108,24.06,0.659437330034518,1.52816673114856,1.22265220381532,0.0379918637346698,1.05864376847395,0.433172836133191,0.517395979666031,1.97064717434968,0.659437330034518,1.52816673114856,0,0
"C1",3,"GBLUP",50,2005,800,200,20364058,24.61,0.655416598723101,1.53439381723984,1.22211041861117,0.0191447973470773,0.955356718045139,0.428543926238664,0.511888238626764,1.98801436607145,0.659437330034518,1.52816673114856,0.00402073131141745,0.00622708609128408
"C1",3,"GBLUP",25,1003,800,200,20364033,23.31,0.655096927414443,1.53866888026759,1.21720270539563,-0.000425562642217514,0.914027126806435,0.425355156821169,0.508408126781859,2.00120626707091,0.659437330034518,1.52816673114856,0.00434040262007496,0.0105021491190294
"C1",3,"GBLUP",10,401,800,200,20364018,21.67,0.672289831254674,1.50630619311157,1.21302898717576,-0.0291599322141766,0.930861110180701,0.449273852324833,0.526832879553984,1.97142771414704,0.659437330034518,1.52816673114856,-0.0128525012201555,-0.0218605380369941
"C1",3,"GBLUP",5,201,800,200,20364013,15.53,0.706597632515286,1.43670107813238,1.16242236141357,-0.0221301148996908,1.01858880842252,0.498995059421344,0.545225428128904,1.93424383337998,0.659437330034518,1.52816673114856,-0.0471603024807673,-0.091465653016179
"C1",3,"GBLUP",1,40,800,200,20364009,11.61,0.649163208763708,1.54441235325453,1.21771725582855,-0.00890513825100776,0.972519160115044,0.421057133933749,0.485352311412151,2.02512970501233,0.659437330034518,1.52816673114856,0.0102741212708103,0.0162456221059668
"C1",3,"MARS",100,4010,800,200,20364208,46.01,0.805101502179928,1.20976263693778,0.953521827700376,0.0454747064625327,0.937139718347806,0.644770104566874,0.678215461964171,1.70162723273085,0.805101502179928,1.20976263693778,0,0
"C1",3,"MARS",50,2005,800,200,20364158,11.7,0.805101502179928,1.20976263693778,0.953521827700376,0.0454747064625327,0.937139718347806,0.644770104566874,0.678215461964171,1.70162723273085,0.805101502179928,1.20976263693778,0,0
"C1",3,"MARS",25,1003,800,200,20364133,3.47,0.805101502179928,1.20976263693778,0.953521827700376,0.0454747064625327,0.937139718347806,0.644770104566874,0.678215461964171,1.70162723273085,0.805101502179928,1.20976263693778,0,0
"C1",3,"MARS",10,401,800,200,20364118,0.719999999999999,0.805101502179928,1.20976263693778,0.953521827700376,0.0454747064625327,0.937139718347806,0.644770104566874,0.678215461964171,1.70162723273085,0.805101502179928,1.20976263693778,0,0
"C1",3,"MARS",5,201,800,200,20364113,0.299999999999983,0.805101502179928,1.20976263693778,0.953521827700376,0.0454747064625327,0.937139718347806,0.644770104566874,0.678215461964171,1.70162723273085,0.805101502179928,1.20976263693778,0,0
"C1",3,"MARS",1,40,800,200,20364109,0.0400000000000205,0.805101502179928,1.20976263693778,0.953521827700376,0.0454747064625327,0.937139718347806,0.644770104566874,0.678215461964171,1.70162723273085,0.805101502179928,1.20976263693778,0,0
"C1",3,"TREE",100,4010,800,200,20364308,10.93,0.745849326570956,1.37370388438625,1.05406453575924,0.0174036445004363,0.862034617372473,0.541968416377986,0.602280912067243,1.87364816426231,0.745849326570956,1.37370388438625,0,0
"C1",3,"TREE",50,2005,800,200,20364258,4.65,0.745849326570955,1.37370388438625,1.05406453575924,0.0174036445004356,0.862034617372472,0.541968416377984,0.602280912067243,1.87364816426231,0.745849326570956,1.37370388438625,8.88178419700125e-16,2.88657986402541e-15
"C1",3,"TREE",25,1003,800,200,20364233,2,0.745849326570955,1.37370388438625,1.05406453575924,0.0174036445004356,0.862034617372472,0.541968416377984,0.602280912067243,1.87364816426231,0.745849326570956,1.37370388438625,8.88178419700125e-16,2.88657986402541e-15
"C1",3,"TREE",10,401,800,200,20364218,0.609999999999999,0.745849326570955,1.37370388438625,1.05406453575924,0.0174036445004356,0.862034617372472,0.541968416377984,0.602280912067243,1.87364816426231,0.745849326570956,1.37370388438625,8.88178419700125e-16,2.88657986402541e-15
"C1",3,"TREE",5,201,800,200,20364213,0.270000000000003,0.745849326570955,1.37370388438625,1.05406453575924,0.0174036445004356,0.862034617372472,0.541968416377984,0.602280912067243,1.87364816426231,0.745849326570956,1.37370388438625,8.88178419700125e-16,2.88657986402541e-15
"C1",3,"TREE",1,40,800,200,20364209,0.0700000000000003,0.658497326863841,1.5286629451729,1.28203638924821,0.0556231442050581,0.988080795428332,0.432804665242109,0.521443542682665,1.97020862125343,0.745849326570956,1.37370388438625,0.0873519997071155,0.154959060786649
"C1",3,"BAGGING",100,4010,800,200,20364408,578.49,0.877973817597844,1.0066710106616,0.792859835400008,0.0528410137666518,1.16912922227946,0.75402877847239,0.734684042728396,1.57103197787697,0.877973817597844,1.0066710106616,0,0
"C1",3,"BAGGING",50,2005,800,200,20364358,272.53,0.877843501519282,1.00272603308908,0.786784356266667,0.0597113067999941,1.15443660284103,0.755952842281772,0.732571638056947,1.57425253642149,0.877973817597844,1.0066710106616,0.000130316078561621,-0.00394497757252443
"C1",3,"BAGGING",25,1003,800,200,20364333,133.96,0.8833483295444,0.979835522319472,0.770741414533322,0.051557467799998,1.14617297959545,0.766968015654398,0.742587494725161,1.54900522722863,0.877973817597844,1.0066710106616,-0.00537451194655558,-0.0268354883421312
"C1",3,"BAGGING",10,401,800,200,20364318,53.0699999999999,0.88191169313672,0.975468977837249,0.753626480066665,0.0271084128666573,1.11712428917701,0.769040357811326,0.741150953138683,1.54835235375051,0.877973817597844,1.0066710106616,-0.00393787553887592,-0.0312020328243543
"C1",3,"BAGGING",5,201,800,200,20364313,26.9299999999998,0.89919787568707,0.900958475380998,0.676847106483332,0.016903257449996,1.08998985902586,0.802976185312576,0.759010624763506,1.49977567242527,0.877973817597844,1.0066710106616,-0.0212240580892259,-0.105712535280605
"C1",3,"BAGGING",1,40,800,200,20364309,5.83999999999992,0.920729276804464,0.794172228893656,0.606656993609513,0.0566509837214323,0.992339862319175,0.846912910637774,0.783402543485513,1.43412719751687,0.877973817597844,1.0066710106616,-0.0427554592066196,-0.212498781767947
"C1",3,"RF",100,4010,800,200,20364508,218.09,0.874385895012285,1.02156054612702,0.801109687933335,0.0514728612000007,1.17650986188726,0.746698712940308,0.730020463735034,1.58295823943306,0.874385895012285,1.02156054612702,0,0
"C1",3,"RF",50,2005,800,200,20364458,107.07,0.880254192481793,0.99561578830286,0.779847951416657,0.0388190264499973,1.16212348307271,0.759401606494308,0.735982114966417,1.56614194361359,0.874385895012285,1.02156054612702,-0.00586829746950845,-0.0259447578241646
"C1",3,"RF",25,1003,800,200,20364433,53.39,0.887304488559395,0.965305387639546,0.744472139966674,0.0383063772333254,1.14825723530111,0.773828106722842,0.746396543374402,1.53912869606128,0.874385895012285,1.02156054612702,-0.0129185935471106,-0.0562551584874786
"C1",3,"RF",10,401,800,200,20364418,22.88,0.897331800546639,0.917880793075722,0.694332729033334,0.0457816302666692,1.11961250096171,0.795505450177111,0.759158859450192,1.50350176038124,0.874385895012285,1.02156054612702,-0.0229459055343539,-0.103679753051302
"C1",3,"RF",5,201,800,200,20364413,12.44,0.914343406168886,0.829837637352397,0.636530652533341,0.0252997606666527,1.06388169393887,0.832854214677425,0.784859784963876,1.42743926024517,0.874385895012285,1.02156054612702,-0.0399575111566011,-0.191722908774628
"C1",3,"RF",1,40,800,200,20364409,2.92000000000002,0.859989549362687,1.03766096154897,0.832557421329385,0.01827497984573,0.967219033486223,0.738651429084185,0.713624042442471,1.62007302791667,0.874385895012285,1.02156054612702,0.0143963456495984,0.0161004154219433
"C1",3,"BOOSTING",100,4010,800,200,20364608,42.4,0.905815731772747,1.02028098465165,0.835577530902126,0.0597745207832194,1.42216936139435,0.747332863474094,0.752036551522534,1.57996024099845,0.905815731772747,1.02028098465165,0,0
"C1",3,"BOOSTING",50,2005,800,200,20364558,23.13,0.901676908151751,1.03706484688764,0.853174546074866,0.0464507346698783,1.43013580922489,0.73895162147936,0.746590357785131,1.59306715053709,0.905815731772747,1.02028098465165,0.00413882362099582,0.0167838622359913
"C1",3,"BOOSTING",25,1003,800,200,20364533,10.79,0.903210128117678,1.0326253378788,0.846632818377743,0.0572784533433176,1.43019464948225,0.741181850460198,0.746867057007289,1.59249257924839,0.905815731772747,1.02028098465165,0.00260560365506923,0.0123443532271466
"C1",3,"BOOSTING",10,401,800,200,20364518,4.29000000000002,0.905391862799936,1.01714512774,0.838593340775858,0.0522130828587125,1.4136595098952,0.748883633074312,0.749363203978845,1.58266424890212,0.905815731772747,1.02028098465165,0.000423868972811547,-0.00313585691164908
"C1",3,"BOOSTING",5,201,800,200,20364513,2.04999999999998,0.902992156915323,1.0220986677743,0.841634254269236,0.0540333530995575,1.40710687489495,0.746431782493212,0.748658430741026,1.58339588047602,0.905815731772747,1.02028098465165,0.00282357485742424,0.00181768312264996
"C1",3,"BOOSTING",1,40,800,200,20364509,0.420000000000016,0.920927329121241,0.928546281635368,0.749258896291632,0.0497497983460968,1.34906747660658,0.790725514117275,0.765863191402339,1.52777095191139,0.905815731772747,1.02028098465165,-0.015111597348494,-0.0917347030162834
"C1",4,"GBLUP",100,4010,800,200,20365108,17.41,0.656840628952629,1.50012706289583,1.21633669455701,-0.229065114887099,1.09233461975117,0.414710000012068,0.533837809258941,1.91951838819134,0.656840628952629,1.50012706289583,0,0
"C1",4,"GBLUP",50,2005,800,200,20365058,17.61,0.639691474792378,1.52553060625129,1.23015115811529,-0.231699564892616,0.965472135264794,0.394719249518122,0.516975040718802,1.94734405603572,0.656840628952629,1.50012706289583,0.0171491541602509,0.0254035433554614
"C1",4,"GBLUP",25,1003,800,200,20365033,16.8,0.631601485122522,1.54195528072886,1.23063640209559,-0.22724500194116,0.910294138119001,0.381615537006583,0.505360423588791,1.97024748550318,0.656840628952629,1.50012706289583,0.0252391438301068,0.0418282178330249
"C1",4,"GBLUP",10,401,800,200,20365018,13.05,0.68212641969586,1.45320888437759,1.16669462646772,-0.232092402748168,1.03519397531564,0.450748690917778,0.55610860955147,1.88726457632492,0.656840628952629,1.50012706289583,-0.025285790743231,-0.0469181785182362
"C1",4,"GBLUP",5,201,800,200,20365013,11.56,0.719583204057864,1.38217636978522,1.14989751711524,-0.174000717291236,1.12937161982955,0.503130956447059,0.603801919821643,1.80976570577613,0.656840628952629,1.50012706289583,-0.0627425751052355,-0.117950693110614
"C1",4,"GBLUP",1,40,800,200,20365009,11.47,0.649229140414703,1.50200971777424,1.23173988589124,-0.166152602150596,1.05327613031287,0.413240003848388,0.53197601273451,1.91765910448482,0.656840628952629,1.50012706289583,0.00761148853792548,0.001882654878407
"C1",4,"MARS",100,4010,800,200,20365208,46.25,0.845831932758701,1.04717647101373,0.81942444045248,-0.0362460499362014,1.02066982835279,0.714796557651418,0.696581260658067,1.62370108176888,0.845831932758701,1.04717647101373,0,0
"C1",4,"MARS",50,2005,800,200,20365158,11.18,0.845831932758701,1.04717647101373,0.81942444045248,-0.0362460499362014,1.02066982835279,0.714796557651418,0.696581260658067,1.62370108176888,0.845831932758701,1.04717647101373,0,0
"C1",4,"MARS",25,1003,800,200,20365133,3.39,0.845831932758701,1.04717647101373,0.81942444045248,-0.0362460499362014,1.02066982835279,0.714796557651418,0.696581260658067,1.62370108176888,0.845831932758701,1.04717647101373,0,0
"C1",4,"MARS",10,401,800,200,20365118,0.760000000000005,0.845831932758701,1.04717647101373,0.81942444045248,-0.0362460499362014,1.02066982835279,0.714796557651418,0.696581260658067,1.62370108176888,0.845831932758701,1.04717647101373,0,0
"C1",4,"MARS",5,201,800,200,20365113,0.329999999999998,0.845831932758701,1.04717647101373,0.81942444045248,-0.0362460499362014,1.02066982835279,0.714796557651418,0.696581260658067,1.62370108176888,0.845831932758701,1.04717647101373,0,0
"C1",4,"MARS",1,40,800,200,20365109,0.0499999999999972,0.845831932758701,1.04717647101373,0.81942444045248,-0.0362460499362014,1.02066982835279,0.714796557651418,0.696581260658067,1.62370108176888,0.845831932758701,1.04717647101373,0,0
"C1",4,"TREE",100,4010,800,200,20365308,10.55,0.816883240798136,1.1455896954303,0.856071891194801,-0.163066749965242,0.951798596119553,0.658670983736536,0.685805914822932,1.65407904122344,0.816883240798136,1.1455896954303,0,0
"C1",4,"TREE",50,2005,800,200,20365258,4.39,0.820810029186598,1.13283327022697,0.842869264479929,-0.153959031852513,0.957398418405846,0.666230227468698,0.685615714167045,1.65386613466454,0.816883240798136,1.1455896954303,-0.00392678838846261,-0.0127564252033341
"C1",4,"TREE",25,1003,800,200,20365233,1.77,0.820810029186598,1.13283327022697,0.842869264479929,-0.153959031852513,0.957398418405846,0.666230227468698,0.685615714167045,1.65386613466454,0.816883240798136,1.1455896954303,-0.00392678838846261,-0.0127564252033341
"C1",4,"TREE",10,401,800,200,20365218,0.57,0.820810029186598,1.13283327022697,0.842869264479929,-0.153959031852513,0.957398418405846,0.666230227468698,0.685615714167045,1.65386613466454,0.816883240798136,1.1455896954303,-0.00392678838846261,-0.0127564252033341
"C1",4,"TREE",5,201,800,200,20365213,0.280000000000001,0.820810029186598,1.13283327022697,0.842869264479929,-0.153959031852513,0.957398418405846,0.666230227468698,0.685615714167045,1.65386613466454,0.816883240798136,1.1455896954303,-0.00392678838846261,-0.0127564252033341
"C1",4,"TREE",1,40,800,200,20365209,0.0599999999999987,0.759658777931025,1.2940399469045,1.1461745467171,-0.209085916762055,0.95580786757491,0.564477718688481,0.611373020254173,1.80398412699885,0.816883240798136,1.1455896954303,0.0572244628671105,0.148450251474202
"C1",4,"BAGGING",100,4010,800,200,20365408,584.53,0.882545046900881,0.956816635311166,0.755594985983334,-0.0729632996833435,1.16490404262622,0.761892844492107,0.738683268239591,1.53566093653378,0.882545046900881,0.956816635311166,0,0
"C1",4,"BAGGING",50,2005,800,200,20365358,270.08,0.885828737110331,0.942576153556009,0.738225388083341,-0.0788099173833339,1.15511162851393,0.768927688611676,0.74248507567504,1.52515990755151,0.882545046900881,0.956816635311166,-0.00328369020944941,-0.0142404817551567
"C1",4,"BAGGING",25,1003,800,200,20365333,133.36,0.888686238924673,0.928097559473814,0.722794059050002,-0.0663097712500008,1.14488290519225,0.775972014642498,0.745649644407927,1.51593967250972,0.882545046900881,0.956816635311166,-0.00614119202379215,-0.0287190758373524
"C1",4,"BAGGING",10,401,800,200,20365318,52.9300000000001,0.894164565203489,0.901275715077943,0.699496510533335,-0.0735651416333366,1.12153684530589,0.788733639705484,0.749189803106021,1.50373990557165,0.882545046900881,0.956816635311166,-0.0116195183026073,-0.0555409202332227
"C1",4,"BAGGING",5,201,800,200,20365313,26.55,0.909540022971892,0.827948499855966,0.639363017366652,-0.0986683754999952,1.06429215642331,0.821712186348456,0.760757778901112,1.46891546471452,0.882545046900881,0.956816635311166,-0.0269949760710104,-0.1288681354552
"C1",4,"BAGGING",1,40,800,200,20365309,5.82999999999993,0.928899838898719,0.730667276505557,0.569537099199993,-0.0386502405000012,0.962372058361946,0.861147300592522,0.788413779418087,1.39580866554324,0.882545046900881,0.956816635311166,-0.0463547919978381,-0.226149358805609
"C1",4,"RF",100,4010,800,200,20365508,218.25,0.880994753073332,0.96832871060351,0.765241555733339,-0.079150408500001,1.18195376338474,0.756128735858819,0.739894885397446,1.53617200768428,0.880994753073332,0.96832871060351,0,0
"C1",4,"RF",50,2005,800,200,20365458,104.43,0.882331792582115,0.954616340817947,0.745670044550007,-0.0729170457500039,1.155760980194,0.762986687255854,0.743105312830882,1.52454116581179,0.880994753073332,0.96832871060351,-0.00133703950878261,-0.0137123697855629
"C1",4,"RF",25,1003,800,200,20365433,54.61,0.887153476149277,0.931395599100982,0.715711834083333,-0.0754797646833273,1.13532981905179,0.774376997090698,0.739257613844394,1.52945127518632,0.880994753073332,0.96832871060351,-0.00615872307594489,-0.0369331115025281
"C1",4,"RF",10,401,800,200,20365418,23.53,0.900453088968931,0.870646265547234,0.667728356400003,-0.0774598618000057,1.09755747431326,0.802849222035813,0.752532360827876,1.49236200194857,0.880994753073332,0.96832871060351,-0.0194583358955983,-0.0976824450562758
"C1",4,"RF",5,201,800,200,20365413,12.21,0.923227231128812,0.76589037869452,0.567009245816669,-0.0903335929833406,1.06067143588194,0.847437344384122,0.766063605094454,1.45411946806841,0.880994753073332,0.96832871060351,-0.0422324780554799,-0.20243833190899
"C1",4,"RF",1,40,800,200,20365409,2.69,0.934723070660012,0.70415401714395,0.555925419080181,-0.0802859379599219,0.967444746827117,0.871041392620919,0.782943298877583,1.41244578590821,0.880994753073332,0.96832871060351,-0.0537283175866803,-0.26417469345956
"C1",4,"BOOSTING",100,4010,800,200,20365608,43.04,0.923285746527528,0.947823500284013,0.767294654351014,-0.10698727711542,1.4540851946125,0.766347755757338,0.757977458600756,1.54856778074017,0.923285746527528,0.947823500284013,0,0
"C1",4,"BOOSTING",50,2005,800,200,20365558,22.16,0.927767246693909,0.938710349495163,0.761422566298675,-0.106548060542944,1.46603042939604,0.770819203611998,0.763288094030671,1.54017229795964,0.923285746527528,0.947823500284013,-0.00448150016638127,-0.00911315078885078
"C1",4,"BOOSTING",25,1003,800,200,20365533,10.26,0.928890681351115,0.924151051113605,0.750271957761664,-0.0945470541020643,1.44817994417997,0.777873212502969,0.765956738099619,1.52973400804246,0.923285746527528,0.947823500284013,-0.0056049348235867,-0.0236724491704084
"C1",4,"BOOSTING",10,401,800,200,20365518,4.08,0.927956976168504,0.926000103945295,0.750982992427604,-0.104755888088688,1.4434282271891,0.77698345523675,0.7642324177796,1.53227950842968,0.923285746527528,0.947823500284013,-0.00467122964097644,-0.0218233963387184
"C1",4,"BOOSTING",5,201,800,200,20365513,2.08,0.92569680043692,0.922572924140565,0.753266019059378,-0.104896572597111,1.42181518035647,0.77863119459002,0.759686615112513,1.53602941931111,0.923285746527528,0.947823500284013,-0.00241105390939167,-0.0252505761434487
"C1",4,"BOOSTING",1,40,800,200,20365509,0.390000000000001,0.940998205183097,0.830732880803938,0.67037763975028,-0.0828473722029059,1.36447947681546,0.820511010379294,0.774014747053417,1.48642857130602,0.923285746527528,0.947823500284013,-0.0177124586555689,-0.117090619480075
"C1",5,"GBLUP",100,4010,800,200,20366108,21.56,0.621153277697063,1.51717402069522,1.25211399848399,0.0149175446600276,1.10206393511098,0.382462450070838,0.550969524389291,1.95280585517806,0.621153277697063,1.51717402069522,0,0
"C1",5,"GBLUP",50,2005,800,200,20366058,19.2,0.622807999974313,1.51132063694093,1.23969944342307,0.0437944998168826,1.02052950925425,0.38721828076226,0.555115968851894,1.9397966109055,0.621153277697063,1.51717402069522,-0.00165472227724972,-0.00585338375429334
"C1",5,"GBLUP",25,1003,800,200,20366033,20.34,0.620955283244033,1.51483708369425,1.24133669290968,0.0595273722006306,0.974155065048158,0.384363398643622,0.552405956273241,1.94146888387405,0.621153277697063,1.51717402069522,0.000197994453030259,-0.00233693700096849
"C1",5,"GBLUP",10,401,800,200,20366018,16.64,0.64542160898947,1.4757895853284,1.22064179219404,0.0405533092670877,1.03340735675145,0.41569250396438,0.558016680782198,1.93417123971218,0.621153277697063,1.51717402069522,-0.0242683312924067,-0.0413844353668178
"C1",5,"GBLUP",5,201,800,200,20366013,16.35,0.679115090467412,1.42160814137504,1.1877540752768,0.0436402677777693,1.0857622605246,0.457808906264907,0.576796639180044,1.90658706420614,0.621153277697063,1.51717402069522,-0.0579618127703488,-0.0955658793201768
"C1",5,"GBLUP",1,40,800,200,20366009,13.4,0.455655995339704,1.7257024243948,1.37758865509224,0.000348696038868752,0.84886852532518,0.201041182761409,0.41921072609461,2.11499493218371,0.621153277697063,1.51717402069522,0.165497282357359,0.208528403699581
"C1",5,"MARS",100,4010,800,200,20366208,45.38,0.780621984906996,1.21257354469323,0.972607799506436,0.119407986426556,0.995829066042069,0.605534747689392,0.623453972741506,1.82276736133081,0.780621984906996,1.21257354469323,0,0
"C1",5,"MARS",50,2005,800,200,20366158,11.11,0.780621984906996,1.21257354469323,0.972607799506436,0.119407986426556,0.995829066042069,0.605534747689392,0.623453972741506,1.82276736133081,0.780621984906996,1.21257354469323,0,0
"C1",5,"MARS",25,1003,800,200,20366133,3.33,0.780621984906996,1.21257354469323,0.972607799506436,0.119407986426556,0.995829066042069,0.605534747689392,0.623453972741506,1.82276736133081,0.780621984906996,1.21257354469323,0,0
"C1",5,"MARS",10,401,800,200,20366118,0.740000000000009,0.780621984906996,1.21257354469323,0.972607799506436,0.119407986426556,0.995829066042069,0.605534747689392,0.623453972741506,1.82276736133081,0.780621984906996,1.21257354469323,0,0
"C1",5,"MARS",5,201,800,200,20366113,0.320000000000007,0.780621984906996,1.21257354469323,0.972607799506436,0.119407986426556,0.995829066042069,0.605534747689392,0.623453972741506,1.82276736133081,0.780621984906996,1.21257354469323,0,0
"C1",5,"MARS",1,40,800,200,20366109,0.0400000000000063,0.780621984906996,1.21257354469323,0.972607799506436,0.119407986426556,0.995829066042069,0.605534747689392,0.623453972741506,1.82276736133081,0.780621984906996,1.21257354469323,0,0
"C1",5,"TREE",100,4010,800,200,20366308,10.05,0.782499374209495,1.23644818681057,0.970870866760606,0.0831284573028131,0.844998259595101,0.589848391057055,0.655040199906023,1.77900422972351,0.782499374209495,1.23644818681057,0,0
"C1",5,"TREE",50,2005,800,200,20366258,4.14,0.782499374209495,1.23644818681057,0.970870866760608,0.083128457302813,0.844998259595099,0.589848391057054,0.655040199906023,1.77900422972351,0.782499374209495,1.23644818681057,2.22044604925031e-16,1.55431223447522e-15
"C1",5,"TREE",25,1003,800,200,20366233,1.77,0.782499374209495,1.23644818681057,0.970870866760608,0.083128457302813,0.844998259595099,0.589848391057054,0.655040199906023,1.77900422972351,0.782499374209495,1.23644818681057,2.22044604925031e-16,1.55431223447522e-15
"C1",5,"TREE",10,401,800,200,20366218,0.629999999999999,0.782499374209495,1.23644818681057,0.970870866760608,0.083128457302813,0.844998259595099,0.589848391057054,0.655040199906023,1.77900422972351,0.782499374209495,1.23644818681057,2.22044604925031e-16,1.55431223447522e-15
"C1",5,"TREE",5,201,800,200,20366213,0.280000000000001,0.782499374209495,1.23644818681057,0.970870866760608,0.083128457302813,0.844998259595099,0.589848391057054,0.655040199906023,1.77900422972351,0.782499374209495,1.23644818681057,2.22044604925031e-16,1.55431223447522e-15
"C1",5,"TREE",1,40,800,200,20366209,0.0600000000000023,0.562196311408013,1.6007003212856,1.33700735489905,-0.0226175090203798,0.906880783411348,0.312595074471951,0.442501822522234,2.09551496076128,0.782499374209495,1.23644818681057,0.220303062801483,0.364252134475027
"C1",5,"BAGGING",100,4010,800,200,20366408,569.92,0.873167568192643,0.960901107300317,0.745211617200006,0.0755641245000081,1.11885302173663,0.752286335974706,0.739158549079144,1.58286381585015,0.873167568192643,0.960901107300317,0,0
"C1",5,"BAGGING",50,2005,800,200,20366358,272.83,0.874688519869091,0.955587052337997,0.736700096883325,0.0785793666499917,1.1170837507622,0.755018613173357,0.73909659199663,1.58239023800977,0.873167568192643,0.960901107300317,-0.0015209516764485,-0.00531405496231951
"C1",5,"BAGGING",25,1003,800,200,20366333,133.06,0.871480329679217,0.961183238135308,0.744247465183333,0.0773296130833401,1.09514791405518,0.752140851861468,0.738572737796096,1.58048789545941,0.873167568192643,0.960901107300317,0.00168723851342645,0.000282130834991068
"C1",5,"BAGGING",10,401,800,200,20366318,53.3000000000001,0.881583245080531,0.922834384461431,0.691873401366676,0.060712332599992,1.08408777442355,0.77152425028645,0.743342394446152,1.56560328595693,0.873167568192643,0.960901107300317,-0.00841567688788758,-0.0380667228388857
"C1",5,"BAGGING",5,201,800,200,20366313,26.4199999999998,0.883247805267922,0.91043251250597,0.669147876283332,0.0716282642500002,1.03949777226515,0.777623908704347,0.745972559070816,1.55364339505539,0.873167568192643,0.960901107300317,-0.0100802370752786,-0.0504685947943468
"C1",5,"BAGGING",1,40,800,200,20366309,5.61000000000013,0.81826307304839,1.1684389785558,0.906508865510306,0.0674977482587246,0.814770028993177,0.633727217026695,0.68346305228178,1.73481625472089,0.873167568192643,0.960901107300317,0.0549044951442528,0.207537871255479
"C1",5,"RF",100,4010,800,200,20366508,214.06,0.869928619894666,0.972425412797422,0.753677165283342,0.063954848349996,1.12520025868848,0.746308932849861,0.737420592856451,1.5884590984223,0.869928619894666,0.972425412797422,0,0
"C1",5,"RF",50,2005,800,200,20366458,106.83,0.870568894927693,0.963377171034386,0.736951568116661,0.0591876009166582,1.09714929074999,0.751008066929114,0.738098569505987,1.58181854629507,0.869928619894666,0.972425412797422,-0.000640275033027105,-0.0090482417630352
"C1",5,"RF",25,1003,800,200,20366433,54.13,0.878765375118429,0.937259008341322,0.711933954066654,0.0635856667666587,1.10370701960017,0.76432591911221,0.744543092194241,1.56659984098829,0.869928619894666,0.972425412797422,-0.00883675522376248,-0.0351664044560993
"C1",5,"RF",10,401,800,200,20366418,21.94,0.888614008609398,0.896368524632677,0.67572297836667,0.0632573943666554,1.07785812909397,0.784441192757,0.754623192752471,1.53658832224122,0.869928619894666,0.972425412797422,-0.018685388714732,-0.0760568881647449
"C1",5,"RF",5,201,800,200,20366413,12.05,0.888421291473166,0.888485049516403,0.653802428849999,0.0633153179833269,0.999036241799539,0.78821615723977,0.754386683082432,1.52882900343154,0.869928619894666,0.972425412797422,-0.0184926715784993,-0.0839403632810182
"C1",5,"RF",1,40,800,200,20366409,2.83999999999997,0.787542429187154,1.23977813743004,0.99124543845088,0.0426134308211567,0.81466566410466,0.587636209817447,0.677403456436838,1.7368347040109,0.869928619894666,0.972425412797422,0.082386190707512,0.267352724632618
"C1",5,"BOOSTING",100,4010,800,200,20366608,41.48,0.901524246144268,1.00717680519787,0.832808677974557,0.0134323279757953,1.47732043436578,0.727852714583898,0.732528547894718,1.67052236809327,0.901524246144268,1.00717680519787,0,0
"C1",5,"BOOSTING",50,2005,800,200,20366558,22.22,0.898493619351442,1.0189982667664,0.846605253083761,0.0275487738438268,1.48311419161857,0.721426714630212,0.72880771951139,1.67906939724142,0.901524246144268,1.00717680519787,0.0030306267928264,0.011821461568523
"C1",5,"BOOSTING",25,1003,800,200,20366533,10.51,0.905510182581539,0.990248656550706,0.820158283509963,0.02136411694913,1.46621657714307,0.736924079151269,0.734744365175744,1.66227194018189,0.901524246144268,1.00717680519787,-0.00398593643727052,-0.016928148647168
"C1",5,"BOOSTING",10,401,800,200,20366518,4.16,0.905385594846629,0.993796108141207,0.829029636481687,0.0217879095403981,1.47314479796652,0.735035824688577,0.736501908463095,1.66115365269319,0.901524246144268,1.00717680519787,-0.00386134870236077,-0.0133806970566669
"C1",5,"BOOSTING",5,201,800,200,20366513,1.94999999999999,0.901860770266492,0.996340137394263,0.824417438339431,0.0236389270533477,1.45494675689353,0.733677519105713,0.732064926389712,1.66536410727566,0.901524246144268,1.00717680519787,-0.000336524122223847,-0.0108366678036105
"C1",5,"BOOSTING",1,40,800,200,20366509,0.390000000000001,0.914948621877572,0.917249598656574,0.759476350245654,0.0244329625562786,1.376753315445,0.774281250131351,0.737799366869735,1.63063351719435,0.901524246144268,1.00717680519787,-0.0134243757333032,-0.0899272065412995
"C2",1,"GBLUP",100,4010,800,200,20462108,21.69,0.749076016239335,0.629721114370008,0.516246329096407,-0.0602906268624886,1.06139222195676,0.555159986620123,0.667855904072705,0.794918870399957,0.749076016239335,0.629721114370008,0,0
"C2",1,"GBLUP",50,2005,800,200,20462058,24.25,0.749754105598367,0.62753452810496,0.516625301135539,-0.0573555386654631,1.01908156708312,0.558243867140114,0.667751441903429,0.793720805580644,0.749076016239335,0.629721114370008,-0.00067808935903213,-0.00218658626504775
"C2",1,"GBLUP",25,1003,800,200,20462033,44.39,0.753324992937427,0.623212088764923,0.514889251876369,-0.0531280104323268,0.993577403656018,0.564308514855789,0.670657196319636,0.790437806798476,0.749076016239335,0.629721114370008,-0.00424897669809243,-0.00650902560508537
"C2",1,"GBLUP",10,401,800,200,20462018,13.73,0.748847168515803,0.628079082789237,0.51472116991601,-0.0491714087017718,0.968764700310472,0.557476850391131,0.664094749010506,0.796672881970442,0.749076016239335,0.629721114370008,0.000228847723531933,-0.00164203158077103
"C2",1,"GBLUP",5,201,800,200,20462013,13.36,0.721104008744862,0.659276606150846,0.531725668157635,-0.06240537458369,0.92727300324301,0.512423612366669,0.639509760182132,0.821769865805856,0.749076016239335,0.629721114370008,0.0279720074944729,0.0295554917808382
"C2",1,"GBLUP",1,40,800,200,20462009,13.04,0.413621316658907,0.871991336056897,0.700111882560643,-0.0843085848697909,0.765386522749983,0.147034090076464,0.337281595654416,1.01575666929358,0.749076016239335,0.629721114370008,0.335454699580428,0.242270221686889
"C2",1,"MARS",100,4010,800,200,20462208,44.44,0.606904062983269,0.756980385442557,0.623652303801151,-0.0557556068104669,0.87406393717089,0.357198935517674,0.540854529016904,0.899334357536353,0.606904062983269,0.756980385442557,0,0
"C2",1,"MARS",50,2005,800,200,20462158,10.65,0.606904062983269,0.756980385442557,0.623652303801151,-0.0557556068104669,0.87406393717089,0.357198935517674,0.540854529016904,0.899334357536353,0.606904062983269,0.756980385442557,0,0
"C2",1,"MARS",25,1003,800,200,20462133,3.01000000000001,0.606904062983269,0.756980385442557,0.623652303801151,-0.0557556068104669,0.87406393717089,0.357198935517674,0.540854529016904,0.899334357536353,0.606904062983269,0.756980385442557,0,0
"C2",1,"MARS",10,401,800,200,20462118,0.719999999999999,0.606904062983269,0.756980385442557,0.623652303801151,-0.0557556068104669,0.87406393717089,0.357198935517674,0.540854529016904,0.899334357536353,0.606904062983269,0.756980385442557,0,0
"C2",1,"MARS",5,201,800,200,20462113,0.290000000000006,0.606904062983269,0.756980385442557,0.623652303801151,-0.0557556068104669,0.87406393717089,0.357198935517674,0.540854529016904,0.899334357536353,0.606904062983269,0.756980385442557,0,0
"C2",1,"MARS",1,40,800,200,20462109,0.0600000000000023,0.606904062983269,0.756980385442557,0.623652303801151,-0.0557556068104669,0.87406393717089,0.357198935517674,0.540854529016904,0.899334357536353,0.606904062983269,0.756980385442557,0,0
"C2",1,"TREE",100,4010,800,200,20462308,11.22,0.297192040538998,0.981938690647397,0.778148449936683,-0.0977188083094368,0.426856386957012,-0.0816234133315856,0.24323261909259,1.11017129645526,0.297192040538998,0.981938690647397,0,0
"C2",1,"TREE",50,2005,800,200,20462258,4.36,0.297192040538999,0.981938690647401,0.778148449936687,-0.0977188083094285,0.426856386957006,-0.0816234133315938,0.243232619092589,1.11017129645527,0.297192040538998,0.981938690647397,-4.44089209850063e-16,3.77475828372553e-15
"C2",1,"TREE",25,1003,800,200,20462233,1.98,0.297192040538999,0.981938690647401,0.778148449936687,-0.0977188083094285,0.426856386957006,-0.0816234133315938,0.243232619092589,1.11017129645527,0.297192040538998,0.981938690647397,-4.44089209850063e-16,3.77475828372553e-15
"C2",1,"TREE",10,401,800,200,20462218,0.700000000000003,0.297192040538999,0.981938690647401,0.778148449936687,-0.0977188083094285,0.426856386957006,-0.0816234133315938,0.243232619092589,1.11017129645527,0.297192040538998,0.981938690647397,-4.44089209850063e-16,3.77475828372553e-15
"C2",1,"TREE",5,201,800,200,20462213,0.289999999999999,0.297192040538999,0.981938690647401,0.778148449936687,-0.0977188083094285,0.426856386957006,-0.0816234133315938,0.243232619092589,1.11017129645527,0.297192040538998,0.981938690647397,-4.44089209850063e-16,3.77475828372553e-15
"C2",1,"TREE",1,40,800,200,20462209,0.0599999999999987,0.302499480217423,0.944704264941546,0.759146189779904,-0.101063439193632,0.514934497992332,-0.00114984979964428,0.196176472442409,1.10325697939082,0.297192040538998,0.981938690647397,-0.0053074396784249,-0.0372344257058512
"C2",1,"BAGGING",100,4010,800,200,20462408,570.1,0.763298067793232,0.685206941973435,0.541576589949992,-0.0407855393166673,1.75263960700652,0.473315129550565,0.676930473799894,0.841226914569967,0.763298067793232,0.685206941973435,0,0
"C2",1,"BAGGING",50,2005,800,200,20462358,274.56,0.765126547517919,0.683870634238213,0.541082681183319,-0.0420057706499826,1.75333424988439,0.475367434413234,0.676140015380434,0.841431454732678,0.763298067793232,0.685206941973435,-0.00182847972468714,-0.00133630773522164
"C2",1,"BAGGING",25,1003,800,200,20462333,136.17,0.768781226947141,0.675563365827034,0.535856083499995,-0.0393766474000049,1.70618768435088,0.488035890928923,0.68310423080855,0.832697556799949,0.763298067793232,0.685206941973435,-0.0054831591539094,-0.00964357614640132
"C2",1,"BAGGING",10,401,800,200,20462318,54.12,0.745442904240624,0.68401549078955,0.543106103833336,-0.0283263645666531,1.60920229281092,0.475145156955777,0.657630244003907,0.84188027608116,0.763298067793232,0.685206941973435,0.0178551635526072,-0.00119145118388464
"C2",1,"BAGGING",5,201,800,200,20462313,28.99,0.729632756560216,0.690169394632267,0.548976052633328,-0.0254393671333289,1.54331945801979,0.46565871818631,0.639880067468724,0.848929682472085,0.763298067793232,0.685206941973435,0.0336653112330152,0.00496245265883188
"C2",1,"BAGGING",1,40,800,200,20462309,6.5,0.595539467915087,0.761877994066021,0.615452947433335,-0.0501182693333259,1.10119791423973,0.348854274619322,0.50478294440299,0.918849841849897,0.763298067793232,0.685206941973435,0.167758599878144,0.076671052092586
"C2",1,"RF",100,4010,800,200,20462508,212.28,0.770314182218874,0.679625330057342,0.537826713500001,-0.0493236329999919,1.74882709741917,0.481860802238422,0.683409933584299,0.836811756464333,0.770314182218874,0.679625330057342,0,0
"C2",1,"RF",50,2005,800,200,20462458,103.67,0.758306851007202,0.681994333652208,0.535995323950012,-0.0415786756166565,1.6838788759229,0.478242299806316,0.67536719645211,0.837128667998331,0.770314182218874,0.679625330057342,0.0120073312116716,0.00236900359486636
"C2",1,"RF",25,1003,800,200,20462433,53.6,0.761188262131085,0.680755679373969,0.537301841383337,-0.0360500264166637,1.69742830115069,0.48013583611157,0.675357378748513,0.8373514661498,0.770314182218874,0.679625330057342,0.00912592008778901,0.00113034931662725
"C2",1,"RF",10,401,800,200,20462418,23.64,0.76589795375944,0.670440104454737,0.524095191566667,-0.0343721477000025,1.6409947937659,0.495771598194861,0.678405071763098,0.829634837174502,0.770314182218874,0.679625330057342,0.00441622845943379,-0.00918522560260426
"C2",1,"RF",5,201,800,200,20462413,13,0.722053492067827,0.697767286360983,0.547908835799998,-0.0460997444666717,1.54677524742094,0.453829117402674,0.648477331088598,0.847178225591766,0.770314182218874,0.679625330057342,0.0482606901510467,0.0181419563036409
"C2",1,"RF",1,40,800,200,20462409,3.17000000000002,0.532186634729444,0.800251215923402,0.650980899083327,-0.0361453139833311,0.977754921109668,0.281610427463102,0.491217795220786,0.925784266405802,0.770314182218874,0.679625330057342,0.23812754748943,0.12062588586606
"C2",1,"BOOSTING",100,4010,800,200,20462608,39.62,0.756824768575317,0.696148454039685,0.550027192781737,-0.0691881217641172,1.78674200977358,0.456360429668789,0.676329918531658,0.848313668951516,0.756824768575317,0.696148454039685,0,0
"C2",1,"BOOSTING",50,2005,800,200,20462558,21.99,0.75500275236232,0.698159736408736,0.55249230410159,-0.0631412417840091,1.79836298595277,0.453214571347409,0.679783031074665,0.847299424496401,0.756824768575317,0.696148454039685,0.00182201621299716,0.00201128236905113
"C2",1,"BOOSTING",25,1003,800,200,20462533,10.66,0.752283295800901,0.703147366423494,0.557345307400966,-0.0750168060108303,1.81586093220889,0.44537423150719,0.677917858047533,0.851512255598778,0.756824768575317,0.696148454039685,0.00454147277441652,0.00699891238380834
"C2",1,"BOOSTING",10,401,800,200,20462518,4.2,0.743724191217237,0.705486554548139,0.56025319877389,-0.0670475451007626,1.78126238151384,0.441677902441546,0.666792837025171,0.854916384709947,0.756824768575317,0.696148454039685,0.0131005773580806,0.00933810050845352
"C2",1,"BOOSTING",5,201,800,200,20462513,2.06,0.735673657283307,0.708961058596902,0.561146768599646,-0.0695350657300989,1.75145211797377,0.436164914738921,0.659544148389433,0.857878595068761,0.756824768575317,0.696148454039685,0.0211511112920104,0.0128126045572167
"C2",1,"BOOSTING",1,40,800,200,20462509,0.409999999999997,0.672196018577557,0.732596701754704,0.583049564973656,-0.0629158666972661,1.49445960492341,0.397943495660151,0.586283432321691,0.885743158948589,0.756824768575317,0.696148454039685,0.0846287499977605,0.0364482477150191
"C2",2,"GBLUP",100,4010,800,200,20463108,10.84,0.775645753426863,0.600696634441971,0.479255890749174,0.0152398325340079,0.965727305065992,0.600611538567287,0.666204079743437,0.802362853272411,0.775645753426863,0.600696634441971,0,0
"C2",2,"GBLUP",50,2005,800,200,20463058,9.05,0.774365308400364,0.604113421277895,0.483441283763615,0.00977213612743526,0.929204679869465,0.596055141275061,0.666281243305902,0.804345145802909,0.775645753426863,0.600696634441971,0.00128044502649882,0.00341678683592406
"C2",2,"GBLUP",25,1003,800,200,20463033,9.44999999999999,0.778363947796257,0.600884815470506,0.482412761134503,0.00451363566455527,0.913250558916861,0.600361265469468,0.67169642796589,0.800270301687592,0.775645753426863,0.600696634441971,-0.00271819436939424,0.000188181028534795
"C2",2,"GBLUP",10,401,800,200,20463018,8.8,0.768665567025369,0.614786943194627,0.49208377536959,0.00160378824819723,0.889120633431744,0.581655188448277,0.661087419898561,0.813176103349471,0.775645753426863,0.600696634441971,0.006980186401494,0.0140903087526562
"C2",2,"GBLUP",5,201,800,200,20463013,7.57000000000001,0.749923978298747,0.636276695482558,0.511504028191794,-0.00432209625596528,0.879949612408569,0.551897723720468,0.643190948337847,0.830505535025427,0.775645753426863,0.600696634441971,0.0257217751281158,0.0355800610405871
"C2",2,"GBLUP",1,40,800,200,20463009,7.93000000000001,0.556513798521381,0.789797743106347,0.639764692700154,0.00223348932846079,0.980098526059586,0.309574388853581,0.489185047596953,0.936291226044936,0.775645753426863,0.600696634441971,0.219131954905481,0.189101108664375
"C2",2,"MARS",100,4010,800,200,20463208,44.75,0.604777305855093,0.773445538633038,0.618009849911964,0.0536469948318181,0.793726826847896,0.337867974965983,0.547725693278559,0.910719142309779,0.604777305855093,0.773445538633038,0,0
"C2",2,"MARS",50,2005,800,200,20463158,11.6,0.604777305855093,0.773445538633038,0.618009849911964,0.0536469948318181,0.793726826847896,0.337867974965983,0.547725693278559,0.910719142309779,0.604777305855093,0.773445538633038,0,0
"C2",2,"MARS",25,1003,800,200,20463133,3.34,0.604777305855093,0.773445538633038,0.618009849911964,0.0536469948318181,0.793726826847896,0.337867974965983,0.547725693278559,0.910719142309779,0.604777305855093,0.773445538633038,0,0
"C2",2,"MARS",10,401,800,200,20463118,0.799999999999997,0.604777305855093,0.773445538633038,0.618009849911964,0.0536469948318181,0.793726826847896,0.337867974965983,0.547725693278559,0.910719142309779,0.604777305855093,0.773445538633038,0,0
"C2",2,"MARS",5,201,800,200,20463113,0.280000000000001,0.604777305855093,0.773445538633038,0.618009849911964,0.0536469948318181,0.793726826847896,0.337867974965983,0.547725693278559,0.910719142309779,0.604777305855093,0.773445538633038,0,0
"C2",2,"MARS",1,40,800,200,20463109,0.0400000000000063,0.604777305855093,0.773445538633038,0.618009849911964,0.0536469948318181,0.793726826847896,0.337867974965983,0.547725693278559,0.910719142309779,0.604777305855093,0.773445538633038,0,0
"C2",2,"TREE",100,4010,800,200,20463308,10.7,0.451479802631727,0.889407852931397,0.730688506848126,0.0559545074064508,0.620987412688582,0.12443773583702,0.371422034054264,1.04081029283451,0.451479802631727,0.889407852931397,0,0
"C2",2,"TREE",50,2005,800,200,20463258,4.64,0.45147980263173,0.889407852931396,0.730688506848126,0.0559545074064556,0.620987412688587,0.124437735837023,0.371422034054267,1.04081029283451,0.451479802631727,0.889407852931397,-3.44169137633799e-15,-1.4432899320127e-15
"C2",2,"TREE",25,1003,800,200,20463233,1.91,0.45147980263173,0.889407852931396,0.730688506848126,0.0559545074064556,0.620987412688587,0.124437735837023,0.371422034054267,1.04081029283451,0.451479802631727,0.889407852931397,-3.44169137633799e-15,-1.4432899320127e-15
"C2",2,"TREE",10,401,800,200,20463218,0.59,0.45147980263173,0.889407852931396,0.730688506848126,0.0559545074064556,0.620987412688587,0.124437735837023,0.371422034054267,1.04081029283451,0.451479802631727,0.889407852931397,-3.44169137633799e-15,-1.4432899320127e-15
"C2",2,"TREE",5,201,800,200,20463213,0.300000000000001,0.45147980263173,0.889407852931396,0.730688506848126,0.0559545074064556,0.620987412688587,0.124437735837023,0.371422034054267,1.04081029283451,0.451479802631727,0.889407852931397,-3.44169137633799e-15,-1.4432899320127e-15
"C2",2,"TREE",1,40,800,200,20463209,0.0599999999999987,0.339457314362931,0.907407974794792,0.721294934160688,0.119700739695586,0.766170996463279,0.0886392938181745,0.334139561282827,1.02221820923022,0.451479802631727,0.889407852931397,0.112022488268795,0.0180001218633942
"C2",2,"BAGGING",100,4010,800,200,20463408,564.69,0.792669970053447,0.649766829619273,0.528069043350001,0.0442844003500099,1.6277993676314,0.532695255657213,0.671093623386458,0.838258813897698,0.792669970053447,0.649766829619273,0,0
"C2",2,"BAGGING",50,2005,800,200,20463358,273.55,0.798108110549601,0.644500916174719,0.523972237633334,0.0480080174666588,1.62478072620352,0.540238930506339,0.684648331365591,0.829141888718855,0.792669970053447,0.649766829619273,-0.00543814049615443,-0.00526591344455407
"C2",2,"BAGGING",25,1003,800,200,20463333,134.68,0.794163865256434,0.644873520858137,0.524581078533338,0.0403353944666667,1.60268859497309,0.539707174405346,0.684164121861211,0.827585717039348,0.792669970053447,0.649766829619273,-0.00149389520298659,-0.00489330876113614
"C2",2,"BAGGING",10,401,800,200,20463318,55.23,0.799640921320978,0.634365171496165,0.520635984866667,0.0457264520666671,1.56067419035028,0.554586087461885,0.693162351294009,0.817269129406491,0.792669970053447,0.649766829619273,-0.00697095126753144,-0.015401658123108
"C2",2,"BAGGING",5,201,800,200,20463313,28.71,0.778568546903206,0.64894882276144,0.533499307033335,0.0669597261333306,1.49990601442934,0.533871117061717,0.674607310632319,0.829048852354154,0.792669970053447,0.649766829619273,0.0141014231502405,-0.00081800685783362
"C2",2,"BAGGING",1,40,800,200,20463309,6.28999999999996,0.634189820847364,0.743615589719152,0.604242005366669,0.085533834099992,1.14100417752463,0.387956784103094,0.570533996454558,0.890953367053572,0.792669970053447,0.649766829619273,0.158480149206083,0.0938487600998783
"C2",2,"RF",100,4010,800,200,20463508,212.95,0.79711695721195,0.645946533461225,0.52755699631667,0.0489313022166619,1.62812301358631,0.538174126792179,0.682506345649293,0.830997416623796,0.79711695721195,0.645946533461225,0,0
"C2",2,"RF",50,2005,800,200,20463458,105.05,0.799973686182551,0.640817792902427,0.521915989033336,0.0432006088000064,1.61292242366543,0.545478700218528,0.686229594809759,0.826376111829258,0.79711695721195,0.645946533461225,-0.00285672897060196,-0.00512874055879731
"C2",2,"RF",25,1003,800,200,20463433,53.01,0.799974767249248,0.638650944202507,0.522914407683331,0.0417758248166722,1.59726088802041,0.548547322136781,0.68659015057014,0.824584365822728,0.79711695721195,0.645946533461225,-0.00285781003729813,-0.00729558925871732
"C2",2,"RF",10,401,800,200,20463418,23.48,0.792142579195821,0.637956026272905,0.515501169166662,0.032706148400002,1.53797193291117,0.549529241546282,0.682535683441897,0.822440800598724,0.79711695721195,0.645946533461225,0.00497437801612888,-0.00799050718832017
"C2",2,"RF",5,201,800,200,20463413,13.01,0.777494947297625,0.649273740480651,0.527035206283337,0.0485297303833379,1.50737501230813,0.533404234486996,0.676433121852146,0.827171663010523,0.79711695721195,0.645946533461225,0.0196220099143241,0.00332720701942613
"C2",2,"RF",1,40,800,200,20463409,3.25,0.666162324142346,0.71272046015716,0.582236674842855,0.00779684370952154,1.13092226187883,0.437757632019721,0.543787535939777,0.901239039010765,0.79711695721195,0.645946533461225,0.130954633069604,0.0667739266959355
"C2",2,"BOOSTING",100,4010,800,200,20463608,40.35,0.773754225046338,0.663853611895335,0.52811041549897,0.0250801957191283,1.60909833853113,0.512213517181018,0.659737053132163,0.845560905652849,0.773754225046338,0.663853611895335,0,0
"C2",2,"BOOSTING",50,2005,800,200,20463558,21.64,0.766608715960824,0.672070317872405,0.536322303138155,0.0245494300402467,1.62512724297451,0.50006384410258,0.64606197327255,0.855879344347564,0.773754225046338,0.663853611895335,0.00714550908551448,0.00821670597707014
"C2",2,"BOOSTING",25,1003,800,200,20463533,10.56,0.765032735455974,0.675066275661218,0.539144375922731,0.0283581841974648,1.63797854423849,0.495596674515961,0.655669639021501,0.85198145197954,0.773754225046338,0.663853611895335,0.00872148959036456,0.0112126637658835
"C2",2,"BOOSTING",10,401,800,200,20463518,3.98,0.764588635699462,0.671634067930839,0.534874477603485,0.0258251428765369,1.60546909545163,0.500712664108769,0.64953110992393,0.852744171277956,0.773754225046338,0.663853611895335,0.00916558934687584,0.00778045603550392
"C2",2,"BOOSTING",5,201,800,200,20463513,1.95,0.745490955961864,0.681877224241046,0.54329511318816,0.0227044959764765,1.54904616974958,0.485367172723157,0.641856398766009,0.855664506496925,0.773754225046338,0.663853611895335,0.0282632690844742,0.0180236123457113
"C2",2,"BOOSTING",1,40,800,200,20463509,0.390000000000001,0.680747475028953,0.717820333014681,0.56577000119935,0.0201656281790748,1.36611993397852,0.429682591468555,0.574394643684471,0.890690930882492,0.773754225046338,0.663853611895335,0.0930067500173853,0.0539667211193464
"C2",3,"GBLUP",100,4010,800,200,20464108,15.44,0.752649008304551,0.655582373579005,0.541433100911276,0.0326547557883359,1.11770175124573,0.559104624038082,0.649888162642786,0.835202283382901,0.752649008304551,0.655582373579005,0,0
"C2",3,"GBLUP",50,2005,800,200,20464058,13.48,0.745521164482562,0.660318311976275,0.544691946505285,0.0342014868236053,1.06192988077908,0.552711543652271,0.645900320917719,0.837628802913216,0.752649008304551,0.655582373579005,0.00712784382198883,0.00473593839727016
"C2",3,"GBLUP",25,1003,800,200,20464033,12.78,0.744282505281089,0.661210457361828,0.547480985179857,0.0426288852542881,1.03374178206683,0.551502078769591,0.650807227906515,0.832586712773148,0.752649008304551,0.655582373579005,0.00836650302346198,0.00562808378282309
"C2",3,"GBLUP",10,401,800,200,20464018,13.59,0.719224788422533,0.687911210870566,0.569339264883271,0.0516109296616511,1.00249204892496,0.514548573307431,0.636464970192353,0.845597970766963,0.752649008304551,0.655582373579005,0.0334242198820172,0.0323288372915617
"C2",3,"GBLUP",5,201,800,200,20464013,11.11,0.698535403122871,0.708876707854462,0.584825673417367,0.0575054604289194,0.989786823751048,0.484507417403249,0.616073020388929,0.863628907206299,0.752649008304551,0.655582373579005,0.0541136051816793,0.0532943342754578
"C2",3,"GBLUP",1,40,800,200,20464009,11.48,0.50270094514722,0.85750040377834,0.694658000275989,0.0133201439486822,0.858759405821151,0.24569033251192,0.448645985802546,0.984975064878098,0.752649008304551,0.655582373579005,0.249948063157331,0.201918030199336
"C2",3,"MARS",100,4010,800,200,20464208,43.3,0.521053484319971,0.849461660691461,0.696359179621485,-0.000423119220054815,0.827913294298049,0.259766778749507,0.464254676082629,0.979848212751991,0.521053484319971,0.849461660691461,0,0
"C2",3,"MARS",50,2005,800,200,20464158,10.68,0.521053484319971,0.849461660691461,0.696359179621485,-0.000423119220054815,0.827913294298049,0.259766778749507,0.464254676082629,0.979848212751991,0.521053484319971,0.849461660691461,0,0
"C2",3,"MARS",25,1003,800,200,20464133,3.37,0.521053484319971,0.849461660691461,0.696359179621485,-0.000423119220054815,0.827913294298049,0.259766778749507,0.464254676082629,0.979848212751991,0.521053484319971,0.849461660691461,0,0
"C2",3,"MARS",10,401,800,200,20464118,0.799999999999997,0.521053484319971,0.849461660691461,0.696359179621485,-0.000423119220054815,0.827913294298049,0.259766778749507,0.464254676082629,0.979848212751991,0.521053484319971,0.849461660691461,0,0
"C2",3,"MARS",5,201,800,200,20464113,0.279999999999987,0.521053484319971,0.849461660691461,0.696359179621485,-0.000423119220054815,0.827913294298049,0.259766778749507,0.464254676082629,0.979848212751991,0.521053484319971,0.849461660691461,0,0
"C2",3,"MARS",1,40,800,200,20464109,0.0400000000000063,0.521053484319971,0.849461660691461,0.696359179621485,-0.000423119220054815,0.827913294298049,0.259766778749507,0.464254676082629,0.979848212751991,0.521053484319971,0.849461660691461,0,0
"C2",3,"TREE",100,4010,800,200,20464308,10.9,0.292438080253727,1.03978325467275,0.82859931406299,-0.00127469995532046,0.398644000450716,-0.109089631877801,0.231428917154878,1.16773232912162,0.292438080253727,1.03978325467275,0,0
"C2",3,"TREE",50,2005,800,200,20464258,4.52,0.292438080253729,1.03978325467274,0.828599314062989,-0.0012746999553125,0.398644000450706,-0.109089631877798,0.23142891715488,1.16773232912162,0.292438080253727,1.03978325467275,-1.55431223447522e-15,-1.77635683940025e-15
"C2",3,"TREE",25,1003,800,200,20464233,2.07,0.292438080253729,1.03978325467274,0.828599314062989,-0.0012746999553125,0.398644000450706,-0.109089631877798,0.23142891715488,1.16773232912162,0.292438080253727,1.03978325467275,-1.55431223447522e-15,-1.77635683940025e-15
"C2",3,"TREE",10,401,800,200,20464218,0.640000000000001,0.292438080253729,1.03978325467274,0.828599314062989,-0.0012746999553125,0.398644000450706,-0.109089631877798,0.23142891715488,1.16773232912162,0.292438080253727,1.03978325467275,-1.55431223447522e-15,-1.77635683940025e-15
"C2",3,"TREE",5,201,800,200,20464213,0.330000000000002,0.292438080253729,1.03978325467274,0.828599314062989,-0.0012746999553125,0.398644000450706,-0.109089631877798,0.23142891715488,1.16773232912162,0.292438080253727,1.03978325467275,-1.55431223447522e-15,-1.77635683940025e-15
"C2",3,"TREE",1,40,800,200,20464209,0.0700000000000003,0.279397597356124,0.958993521228296,0.802986357096437,0.0246304849531456,0.659136058709183,0.0565641965370519,0.260014221996129,1.06766637797632,0.292438080253727,1.03978325467275,0.0130404828976032,-0.0807897334444503
"C2",3,"BAGGING",100,4010,800,200,20464408,572.58,0.765955459199344,0.710645481609492,0.576029741983331,0.0361096800500076,1.72369595199854,0.481931716213242,0.664677167024108,0.869269248819748,0.765955459199344,0.710645481609492,0,0
"C2",3,"BAGGING",50,2005,800,200,20464358,274.91,0.765718633966549,0.709936136572382,0.576136836466664,0.0393493668666798,1.71415735827998,0.48296544053051,0.656139730396477,0.873114341183659,0.765955459199344,0.710645481609492,0.000236825232795113,-0.000709345037109621
"C2",3,"BAGGING",25,1003,800,200,20464333,136.06,0.750667455809059,0.714178400623852,0.575254587066671,0.0370646597666715,1.63699646825832,0.476767839375259,0.646229537225515,0.87518195127971,0.765955459199344,0.710645481609492,0.0152880033902854,0.00353291901436015
"C2",3,"BAGGING",10,401,800,200,20464318,54.5600000000001,0.73834398985605,0.716506728765261,0.58010642486667,0.0302325515000184,1.56381808846509,0.473350648344457,0.641085404404977,0.874674954082217,0.765955459199344,0.710645481609492,0.0276114693432935,0.0058612471557693
"C2",3,"BAGGING",5,201,800,200,20464313,28.8899999999999,0.71677593529806,0.725408796061703,0.582210646700004,0.0359710934333356,1.46827069591125,0.46018289453173,0.623093167070144,0.881124457857499,0.765955459199344,0.710645481609492,0.0491795239012838,0.0147633144522114
"C2",3,"BAGGING",1,40,800,200,20464309,6.37000000000012,0.570309775666539,0.8128532968108,0.644364582933337,0.0545260699000187,1.00535333914241,0.322194091356711,0.501836909651825,0.948135572098766,0.765955459199344,0.710645481609492,0.195645683532805,0.102207815201308
"C2",3,"RF",100,4010,800,200,20464508,209.61,0.766099846409878,0.71080213482703,0.576969231233326,0.0331170663000117,1.72745539441665,0.481703287240687,0.657512448781185,0.873633821653911,0.766099846409878,0.71080213482703,0,0
"C2",3,"RF",50,2005,800,200,20464458,105.06,0.769017805903596,0.705527302697949,0.573339794999997,0.0339976646333369,1.70335703689265,0.4893672596394,0.664621811765874,0.867078711012583,0.766099846409878,0.71080213482703,-0.00291795949371876,-0.00527483212908142
"C2",3,"RF",25,1003,800,200,20464433,53.68,0.740793953908164,0.720056849997242,0.583997810416664,0.040635006716678,1.6111553606342,0.468118873530228,0.642048642896016,0.877067948941249,0.766099846409878,0.71080213482703,0.0253058925017133,0.00925471517021204
"C2",3,"RF",10,401,800,200,20464418,23.22,0.732585060921008,0.717986744054925,0.587807069033339,0.0244258275333387,1.53312468827525,0.471172708973085,0.643091797609507,0.872281436504771,0.766099846409878,0.71080213482703,0.0335147854888701,0.00718460922789432
"C2",3,"RF",5,201,800,200,20464413,12.75,0.684525693127452,0.743865522568451,0.603995976366653,0.0262964392333346,1.37979715403219,0.432364083021558,0.609702623903937,0.88795646249501,0.766099846409878,0.71080213482703,0.081574153282426,0.0330633877414201
"C2",3,"RF",1,40,800,200,20464409,3.17000000000002,0.516058593408788,0.847595464993804,0.679021086933335,0.0155576559000024,0.90329294688482,0.263015666097536,0.450964500281654,0.982265956707194,0.766099846409878,0.71080213482703,0.250041253001089,0.136793330166773
"C2",3,"BOOSTING",100,4010,800,200,20464608,40.09,0.750985349256753,0.73344806278525,0.600159732394466,0.0169999292206337,1.82682812293538,0.448151661831767,0.650125555386104,0.889064290938624,0.750985349256753,0.73344806278525,0,0
"C2",3,"BOOSTING",50,2005,800,200,20464558,22.03,0.74579247018513,0.738668105032318,0.608235310281112,0.018623639777496,1.83774711817471,0.440268560526173,0.646192156461638,0.892709159116771,0.750985349256753,0.73344806278525,0.00519287907162269,0.00522004224706818
"C2",3,"BOOSTING",25,1003,800,200,20464533,10.74,0.751540504683275,0.735818812803538,0.605148875205934,0.0236162875703553,1.85282980627601,0.444578378466706,0.650635077709006,0.89030456045128,0.750985349256753,0.73344806278525,-0.000555155426521958,0.00237075001828813
"C2",3,"BOOSTING",10,401,800,200,20464518,4.22,0.739298938262732,0.740856505016399,0.604862926459906,0.0183281712503584,1.8087401314954,0.436947093817446,0.641497458309542,0.894063979986194,0.750985349256753,0.73344806278525,0.0116864109940205,0.00740844223114967
"C2",3,"BOOSTING",5,201,800,200,20464513,2.03999999999999,0.730665690379971,0.745982273610479,0.611248092317796,0.0197862638741919,1.79240293660162,0.429128945903777,0.636127927593823,0.896983066310602,0.750985349256753,0.73344806278525,0.0203196588767814,0.0125342108252299
"C2",3,"BOOSTING",1,40,800,200,20464509,0.460000000000008,0.620153388971573,0.800620181596688,0.655956020373883,0.00391494494374143,1.49473694351077,0.342441987496405,0.541874483791072,0.941781851920588,0.750985349256753,0.73344806278525,0.13083196028518,0.0671721188114381
"C2",4,"GBLUP",100,4010,800,200,20465108,21.6,0.762449171778517,0.624750473154593,0.496503793978076,-0.00755910619328873,1.04296170225794,0.580280905987498,0.637487814867994,0.853501379373664,0.762449171778517,0.624750473154593,0,0
"C2",4,"GBLUP",50,2005,800,200,20465058,16.5,0.754686347885329,0.632754463285368,0.505364350712787,-0.00673082393773839,0.991168986199148,0.569457554001138,0.62898262093788,0.862053460299404,0.762449171778517,0.624750473154593,0.00776282389318783,0.00800399013077535
"C2",4,"GBLUP",25,1003,800,200,20465033,14.66,0.747905106279926,0.640784685160212,0.513527848245481,-0.00767218435086463,0.962726295425218,0.558460271436527,0.625378068145813,0.866267124861354,0.762449171778517,0.624750473154593,0.0145440654985909,0.0160342120056196
"C2",4,"GBLUP",10,401,800,200,20465018,16.83,0.738780570634935,0.651042100920353,0.522350298421524,-0.00757168263608655,0.949811598101362,0.544211159974258,0.628045181206578,0.863769695054987,0.762449171778517,0.624750473154593,0.0236686011435823,0.0262916277657601
"C2",4,"GBLUP",5,201,800,200,20465013,13.75,0.717924197992818,0.673667353174484,0.538915108709661,-0.0102235400152914,0.92568843070351,0.511981211957917,0.619998098002436,0.871250179121431,0.762449171778517,0.624750473154593,0.0445249737856992,0.0489168800198915
"C2",4,"GBLUP",1,40,800,200,20465009,13.87,0.415352622379046,0.877709685542731,0.721536135947638,-0.0292734330721047,1.00770994550183,0.171586207490017,0.38077660656139,1.02423016999912,0.762449171778517,0.624750473154593,0.347096549399471,0.252959212388138
"C2",4,"MARS",100,4010,800,200,20465208,41.89,0.504239233227114,0.858182059431226,0.676708592415914,0.0224714870923402,0.702322793744437,0.208037894149669,0.415533037439334,1.03503328288669,0.504239233227114,0.858182059431226,0,0
"C2",4,"MARS",50,2005,800,200,20465158,10.9,0.504239233227114,0.858182059431226,0.676708592415914,0.0224714870923402,0.702322793744437,0.208037894149669,0.415533037439334,1.03503328288669,0.504239233227114,0.858182059431226,0,0
"C2",4,"MARS",25,1003,800,200,20465133,3.32,0.504239233227114,0.858182059431226,0.676708592415914,0.0224714870923402,0.702322793744437,0.208037894149669,0.415533037439334,1.03503328288669,0.504239233227114,0.858182059431226,0,0
"C2",4,"MARS",10,401,800,200,20465118,0.739999999999995,0.504239233227114,0.858182059431226,0.676708592415914,0.0224714870923402,0.702322793744437,0.208037894149669,0.415533037439334,1.03503328288669,0.504239233227114,0.858182059431226,0,0
"C2",4,"MARS",5,201,800,200,20465113,0.330000000000013,0.504239233227114,0.858182059431226,0.676708592415914,0.0224714870923402,0.702322793744437,0.208037894149669,0.415533037439334,1.03503328288669,0.504239233227114,0.858182059431226,0,0
"C2",4,"MARS",1,40,800,200,20465109,0.0600000000000023,0.504239233227114,0.858182059431226,0.676708592415914,0.0224714870923402,0.702322793744437,0.208037894149669,0.415533037439334,1.03503328288669,0.504239233227114,0.858182059431226,0,0
"C2",4,"TREE",100,4010,800,200,20465308,10.72,0.328980750352435,0.966747160173408,0.769802268289286,-0.0544102328483478,0.497905546354424,-0.00501223603120282,0.287472473488053,1.10775366321732,0.328980750352435,0.966747160173408,0,0
"C2",4,"TREE",50,2005,800,200,20465258,4.47,0.328980750352434,0.966747160173407,0.769802268289286,-0.0544102328483466,0.497905546354408,-0.00501223603119927,0.287472473488054,1.10775366321732,0.328980750352435,0.966747160173408,2.22044604925031e-16,-1.55431223447522e-15
"C2",4,"TREE",25,1003,800,200,20465233,1.95,0.328980750352434,0.966747160173407,0.769802268289286,-0.0544102328483466,0.497905546354408,-0.00501223603119927,0.287472473488054,1.10775366321732,0.328980750352435,0.966747160173408,2.22044604925031e-16,-1.55431223447522e-15
"C2",4,"TREE",10,401,800,200,20465218,0.620000000000001,0.338087282129034,0.974531882248845,0.768740431374394,-0.0650819400469308,0.48295273253782,-0.0212631060876529,0.289381416223546,1.11825307348248,0.328980750352435,0.966747160173408,-0.00910653177659926,0.00778472207543679
"C2",4,"TREE",5,201,800,200,20465213,0.239999999999998,0.328980750352434,0.966747160173407,0.769802268289286,-0.0544102328483466,0.497905546354408,-0.00501223603119927,0.287472473488054,1.10775366321732,0.328980750352435,0.966747160173408,2.22044604925031e-16,-1.55431223447522e-15
"C2",4,"TREE",1,40,800,200,20465209,0.0700000000000003,0.354656714298177,0.921879685806776,0.738276069974433,-0.0465453272222513,0.647305117425753,0.0861097803449885,0.282380652158871,1.0840787827899,0.328980750352435,0.966747160173408,-0.0256759639457419,-0.0448674743666324
"C2",4,"BAGGING",100,4010,800,200,20465408,565.47,0.765592601623278,0.684257002220185,0.547022306416676,-0.00171289801666795,1.6420510158568,0.496517894056504,0.641458532107713,0.889110067700368,0.765592601623278,0.684257002220185,0,0
"C2",4,"BAGGING",50,2005,800,200,20465358,273.31,0.768148390767512,0.677670963139025,0.538992525399999,-0.00181918120000319,1.60526106766253,0.50616337706705,0.644501481575078,0.883949780054314,0.765592601623278,0.684257002220185,-0.00255578914423427,-0.00658603908115984
"C2",4,"BAGGING",25,1003,800,200,20465333,134.19,0.766648533072229,0.677875144821763,0.537941058049999,-0.0022562664499997,1.59550949611604,0.505865747130073,0.643459654320119,0.883996183361248,0.765592601623278,0.684257002220185,-0.001055931448951,-0.00638185739842179
"C2",4,"BAGGING",10,401,800,200,20465318,55.0300000000001,0.755600535972146,0.682147503909955,0.546523634533336,-0.00562501963332224,1.54640925776325,0.499617482312425,0.626873944957752,0.891480791990278,0.765592601623278,0.684257002220185,0.00999206565113164,-0.00210949831023
"C2",4,"BAGGING",5,201,800,200,20465313,28.24,0.747551578460799,0.682507159572502,0.54673238436667,-0.00746334613334298,1.48545078900796,0.499089699545787,0.614583073155669,0.895413068185928,0.765592601623278,0.684257002220185,0.0180410231624786,-0.00174984264768252
"C2",4,"BAGGING",1,40,800,200,20465309,6.45000000000005,0.606437294822284,0.767035194703592,0.595868881783323,0.00352528201667376,1.03502752207436,0.367331630128088,0.495154331324895,0.962845856890067,0.765592601623278,0.684257002220185,0.159155306800993,0.0827781924834078
"C2",4,"RF",100,4010,800,200,20465508,210.5,0.766171171950182,0.684057583502069,0.546715768133333,0.00165591933333559,1.64473932366005,0.496811319261022,0.640919857435903,0.889644547796594,0.766171171950182,0.684057583502069,0,0
"C2",4,"RF",50,2005,800,200,20465458,104.82,0.766255488078653,0.681551818044891,0.543789931783329,9.78951833409526e-05,1.62383264957175,0.500491019621942,0.646470174422633,0.884742379640938,0.766171171950182,0.684057583502069,-8.43161284707072e-05,-0.00250576545717773
"C2",4,"RF",25,1003,800,200,20465433,54.03,0.760319425623522,0.683128230996414,0.545235000583331,-0.000801427583328405,1.59182314263689,0.498177642821169,0.644757227811632,0.88407851987763,0.766171171950182,0.684057583502069,0.00585174632666097,-0.000929352505654957
"C2",4,"RF",10,401,800,200,20465418,23.39,0.750123320209153,0.68357849885166,0.547025958783338,2.9394483331302e-05,1.51588778139753,0.497515896072883,0.626231857954743,0.890558173117635,0.766171171950182,0.684057583502069,0.0160478517410295,-0.000479084650409023
"C2",4,"RF",5,201,800,200,20465413,12.91,0.737612803182922,0.685278963234688,0.542834043266662,0.00214219349999936,1.42912365668994,0.495012835802426,0.616548517467158,0.891877150536386,0.766171171950182,0.684057583502069,0.0285583687672607,0.00122137973261904
"C2",4,"RF",1,40,800,200,20465409,3.15000000000003,0.581270143172299,0.785070898840029,0.607116377683333,-0.0239875195833392,0.991152403364732,0.337229304757077,0.468491373199246,0.979462096297641,0.766171171950182,0.684057583502069,0.184901028777884,0.10101331533796
"C2",4,"BOOSTING",100,4010,800,200,20465608,40.59,0.758803297959825,0.701365724244373,0.564103215990556,-0.016055565545421,1.74209160473517,0.471025647672908,0.633941168256925,0.901761837762609,0.758803297959825,0.701365724244373,0,0
"C2",4,"BOOSTING",50,2005,800,200,20465558,22.26,0.758638654545528,0.697789090769929,0.562239580430305,-0.0245900901180969,1.70545491479065,0.476406929626172,0.638674568862945,0.896403847308593,0.758803297959825,0.701365724244373,0.000164643414296672,-0.00357663347444404
"C2",4,"BOOSTING",25,1003,800,200,20465533,10.95,0.755588683200567,0.704004697238673,0.568266953987669,-0.0188447899503108,1.74145928578489,0.467037499420762,0.638200932958349,0.900040151909141,0.758803297959825,0.701365724244373,0.00321461475925822,0.00263897299429927
"C2",4,"BOOSTING",10,401,800,200,20465518,4.17,0.743760654514237,0.707401096739628,0.569453900989199,-0.0215364348641446,1.681070497963,0.46188264738759,0.617792940740125,0.908081386000623,0.758803297959825,0.701365724244373,0.0150426434455885,0.00603537249525476
"C2",4,"BOOSTING",5,201,800,200,20465513,2.06,0.739577260287561,0.710854959025223,0.576305052613158,-0.0220332625893509,1.68143645795502,0.456615139397157,0.611879893150018,0.911837108838506,0.758803297959825,0.701365724244373,0.0192260376722637,0.00948923478084929
"C2",4,"BOOSTING",1,40,800,200,20465509,0.469999999999999,0.67317796412071,0.741405809275995,0.589740451062929,-0.024086608239791,1.44995188296803,0.408904696717368,0.548106552444506,0.939822464455982,0.758803297959825,0.701365724244373,0.0856253338391147,0.040040085031621
"C2",5,"GBLUP",100,4010,800,200,20466108,21.75,0.700146326293076,0.664902981297358,0.529457115778809,0.0821136068891676,0.939970202361291,0.480279008573211,0.621474415325574,0.809547818186111,0.700146326293076,0.664902981297358,0,0
"C2",5,"GBLUP",50,2005,800,200,20466058,19.19,0.686794188415025,0.681372527040196,0.543846754007413,0.0829819919510625,0.87642267906847,0.454213316307065,0.60954150188894,0.823619608674388,0.700146326293076,0.664902981297358,0.0133521378780511,0.0164695457428385
"C2",5,"GBLUP",25,1003,800,200,20466033,17.5,0.690961972111461,0.678278136839651,0.540225354570501,0.0783526997926089,0.867943902495092,0.45915933910548,0.612848597417416,0.821396933209696,0.700146326293076,0.664902981297358,0.00918435418161534,0.0133751555422936
"C2",5,"GBLUP",10,401,800,200,20466018,16.64,0.706299905549026,0.661002199239435,0.53077275254082,0.0661447368436893,0.891710647625227,0.486359208384763,0.620577761333214,0.812039036582431,0.700146326293076,0.664902981297358,-0.00615357925594928,-0.00390078205792299
"C2",5,"GBLUP",5,201,800,200,20466013,16.44,0.666980762079815,0.699318827103824,0.548042474991266,0.0948637422711392,0.874274633658073,0.425084339618126,0.571374898527106,0.855986098075401,0.700146326293076,0.664902981297358,0.0331655642132617,0.0344158458064663
"C2",5,"GBLUP",1,40,800,200,20466009,13.45,0.472310958923642,0.835354667685619,0.679003398568503,0.0694525662742753,0.708532238737042,0.179656946289735,0.383546341577774,0.973133044557362,0.700146326293076,0.664902981297358,0.227835367369434,0.170451686388261
"C2",5,"MARS",100,4010,800,200,20466208,42.55,0.47642498429198,0.836846561310697,0.686276684752602,0.069276886237044,0.692833897742385,0.176724162182176,0.399866980814828,0.96694992032632,0.47642498429198,0.836846561310697,0,0
"C2",5,"MARS",50,2005,800,200,20466158,10.41,0.47642498429198,0.836846561310697,0.686276684752602,0.069276886237044,0.692833897742385,0.176724162182176,0.399866980814828,0.96694992032632,0.47642498429198,0.836846561310697,0,0
"C2",5,"MARS",25,1003,800,200,20466133,3.33000000000001,0.47642498429198,0.836846561310697,0.686276684752602,0.069276886237044,0.692833897742385,0.176724162182176,0.399866980814828,0.96694992032632,0.47642498429198,0.836846561310697,0,0
"C2",5,"MARS",10,401,800,200,20466118,0.780000000000001,0.47642498429198,0.836846561310697,0.686276684752602,0.069276886237044,0.692833897742385,0.176724162182176,0.399866980814828,0.96694992032632,0.47642498429198,0.836846561310697,0,0
"C2",5,"MARS",5,201,800,200,20466113,0.280000000000001,0.47642498429198,0.836846561310697,0.686276684752602,0.069276886237044,0.692833897742385,0.176724162182176,0.399866980814828,0.96694992032632,0.47642498429198,0.836846561310697,0,0
"C2",5,"MARS",1,40,800,200,20466109,0.0600000000000023,0.47642498429198,0.836846561310697,0.686276684752602,0.069276886237044,0.692833897742385,0.176724162182176,0.399866980814828,0.96694992032632,0.47642498429198,0.836846561310697,0,0
"C2",5,"TREE",100,4010,800,200,20466308,11.09,0.341881942540606,0.919857159882191,0.750116876281005,0.139482672443361,0.534410748466433,0.00529458085875179,0.242950209189748,1.06154245980041,0.341881942540606,0.919857159882191,0,0
"C2",5,"TREE",50,2005,800,200,20466258,4.39,0.345395032571959,0.917955783356225,0.746733472285443,0.134318680212503,0.536997415768865,0.00940251177571405,0.247568831308502,1.05903987568774,0.341881942540606,0.919857159882191,-0.00351309003135331,-0.00190137652596556
"C2",5,"TREE",25,1003,800,200,20466233,1.96,0.345395032571959,0.917955783356225,0.746733472285443,0.134318680212503,0.536997415768865,0.00940251177571405,0.247568831308502,1.05903987568774,0.341881942540606,0.919857159882191,-0.00351309003135331,-0.00190137652596556
"C2",5,"TREE",10,401,800,200,20466218,0.68,0.345395032571959,0.917955783356225,0.746733472285443,0.134318680212503,0.536997415768865,0.00940251177571405,0.247568831308502,1.05903987568774,0.341881942540606,0.919857159882191,-0.00351309003135331,-0.00190137652596556
"C2",5,"TREE",5,201,800,200,20466213,0.310000000000002,0.345395032571959,0.917955783356225,0.746733472285443,0.134318680212503,0.536997415768865,0.00940251177571405,0.247568831308502,1.05903987568774,0.341881942540606,0.919857159882191,-0.00351309003135331,-0.00190137652596556
"C2",5,"TREE",1,40,800,200,20466209,0.0599999999999987,0.306483845582661,0.927918074569083,0.727102400944658,0.161276935250917,0.527161717675659,-0.0122154602041744,0.23698030121622,1.05266978542182,0.341881942540606,0.919857159882191,0.0353980969579448,0.00806091468689218
"C2",5,"BAGGING",100,4010,800,200,20466408,576.24,0.759924384952207,0.67304658877053,0.537471927799997,0.113786384066664,1.68110852692943,0.467470154606049,0.644304027802485,0.829854419142906,0.759924384952207,0.67304658877053,0,0
"C2",5,"BAGGING",50,2005,800,200,20466358,275.24,0.75555849285242,0.67301402023843,0.538932768350003,0.111050627183331,1.6515575119003,0.46752169129318,0.644168730438873,0.827958707228507,0.759924384952207,0.67304658877053,0.00436589209978655,-3.25685320994307e-05
"C2",5,"BAGGING",25,1003,800,200,20466333,136.19,0.741646442181558,0.681214184991997,0.544809927066673,0.121702253899995,1.60503606547889,0.45446695418178,0.631082335454719,0.835734872039362,0.759924384952207,0.67304658877053,0.0182779427706488,0.00816759622146723
"C2",5,"BAGGING",10,401,800,200,20466318,54.9499999999999,0.744000995921631,0.674752640625971,0.536710290166669,0.124135779900004,1.55586660698932,0.464766998486603,0.634869408312626,0.830487232522188,0.759924384952207,0.67304658877053,0.0159233890305756,0.00170605185544126
"C2",5,"BAGGING",5,201,800,200,20466313,28.27,0.727424610331936,0.678313050997099,0.545110966849998,0.117591519883328,1.46805014696972,0.459103658460738,0.622366402070485,0.832352659722242,0.759924384952207,0.67304658877053,0.032499774620271,0.00526646222656946
"C2",5,"BAGGING",1,40,800,200,20466309,6.45000000000005,0.577526544221984,0.757678471633464,0.59995090771667,0.0825099049833258,0.966164461305286,0.325124607804758,0.45948908017826,0.916850714819086,0.759924384952207,0.67304658877053,0.182397840730223,0.0846318828629338
"C2",5,"RF",100,4010,800,200,20466508,212,0.768440748498886,0.666969946348724,0.53544642768334,0.101379192116661,1.70747703314095,0.477042702243744,0.661005275363136,0.819463210158156,0.768440748498886,0.666969946348724,0,0
"C2",5,"RF",50,2005,800,200,20466458,105.91,0.75965578071181,0.66709420174248,0.536041297083338,0.104483560616668,1.63708833518214,0.476847831940625,0.653051338546379,0.820321880595386,0.768440748498886,0.666969946348724,0.00878496778707571,0.000124255393755823
"C2",5,"RF",25,1003,800,200,20466433,52.89,0.754222784973674,0.669853031745444,0.53292979928334,0.111407333016674,1.6105397204286,0.472511795683299,0.646904959284477,0.823815385800282,0.768440748498886,0.666969946348724,0.0142179635252118,0.00288308539672011
"C2",5,"RF",10,401,800,200,20466418,22.88,0.731024991476324,0.676838300419863,0.539620826033337,0.112606575533333,1.49153862751068,0.461453075288661,0.617806426877541,0.834942100698404,0.768440748498886,0.666969946348724,0.0374157570225617,0.00986835407113928
"C2",5,"RF",5,201,800,200,20466413,13.14,0.715125360727586,0.680016958295628,0.544659041950003,0.105411248683329,1.40141916795677,0.456382806226375,0.601877235126519,0.838970508667835,0.768440748498886,0.666969946348724,0.0533153877712998,0.0130470119469046
"C2",5,"RF",1,40,800,200,20466409,3.24000000000001,0.563604239817916,0.768918277201073,0.612897449833335,0.1033063463,0.978697061910155,0.304953171206748,0.468340338681133,0.913250360093865,0.768440748498886,0.666969946348724,0.204836508680969,0.101948330852349
"C2",5,"BOOSTING",100,4010,800,200,20466608,40.93,0.737237771567842,0.685216439998837,0.545314505928873,0.0928737811137132,1.65632336164589,0.448037915461821,0.646171363589464,0.826899258857057,0.737237771567842,0.685216439998837,0,0
"C2",5,"BOOSTING",50,2005,800,200,20466558,22.43,0.725435830543655,0.69280321990133,0.553254914695663,0.091428648067506,1.64353015106097,0.435747499079808,0.641127365024082,0.830198551755067,0.737237771567842,0.685216439998837,0.0118019410241873,0.00758677990249368
"C2",5,"BOOSTING",25,1003,800,200,20466533,11,0.71696912103958,0.697458656256731,0.556628550962317,0.0989412305321051,1.61403301290708,0.428138794798699,0.624715624811197,0.838942240887935,0.737237771567842,0.685216439998837,0.0202686505282622,0.012242216257894
"C2",5,"BOOSTING",10,401,800,200,20466518,4.23999999999999,0.724403601816596,0.691412803411944,0.552411550478389,0.0919047688425621,1.61972848999037,0.438010071450886,0.627874251918095,0.835386593817104,0.737237771567842,0.685216439998837,0.0128341697512463,0.00619636341310714
"C2",5,"BOOSTING",5,201,800,200,20466513,2.11,0.709633327007486,0.700560113399533,0.559069614819835,0.0924570934936201,1.59778236273527,0.423041585293834,0.618812508853857,0.840761336960698,0.737237771567842,0.685216439998837,0.0276044445603562,0.0153436734006958
"C2",5,"BOOSTING",1,40,800,200,20466509,0.439999999999998,0.611274607045168,0.743185543275339,0.595541394111054,0.10038920105999,1.20839900584574,0.350695812463857,0.527734340112404,0.879695944936324,0.737237771567842,0.685216439998837,0.125963164522674,0.0579691032765027
"C3",1,"GBLUP",100,4010,800,200,20562108,21.36,0.818838387460929,0.395494316889221,0.323483890223607,-0.0415281488309518,1.02833822411399,0.666307951173692,0.582665419051164,0.702027142469962,0.818838387460929,0.395494316889221,0,0
"C3",1,"GBLUP",50,2005,800,200,20562058,21.18,0.817574331755259,0.396419527833473,0.327468210412636,-0.0389175250713256,0.974660789657445,0.664744860898874,0.583065984489556,0.704122568365556,0.818838387460929,0.395494316889221,0.00126405570567045,0.00092521094425202
"C3",1,"GBLUP",25,1003,800,200,20562033,14.61,0.818399363321405,0.39649642325051,0.328937212111082,-0.0340923458746725,0.940474391893998,0.664614786156233,0.586447356432882,0.704192985061262,0.818838387460929,0.395494316889221,0.000439024139524236,0.00100210636128895
"C3",1,"GBLUP",10,401,800,200,20562018,14.02,0.794553436067559,0.42046486208108,0.345247303606011,-0.0273893535534923,0.905511996013455,0.622840735612378,0.572513214149679,0.715103446176116,0.818838387460929,0.395494316889221,0.0242849513933703,0.024970545191859
"C3",1,"GBLUP",5,201,800,200,20562013,16.3,0.746076298449848,0.463189361492012,0.374286158805363,-0.0334702400912838,0.872242723773465,0.542298310024663,0.534703919203242,0.739201837904003,0.818838387460929,0.395494316889221,0.0727620890110815,0.0676950446027908
"C3",1,"GBLUP",1,40,800,200,20562009,16.05,0.672290478673323,0.517325285225329,0.412542267268195,-0.0745562021475901,0.864735746438149,0.429056969680879,0.457647085404969,0.779630765788035,0.818838387460929,0.395494316889221,0.146547908787606,0.121830968336108
"C3",1,"MARS",100,4010,800,200,20562208,44.01,0.597974808031998,0.56244095109225,0.451782357781508,-0.0465038593966246,0.781876324710642,0.32513138445897,0.371196805137576,0.826098228849226,0.597974808031998,0.56244095109225,0,0
"C3",1,"MARS",50,2005,800,200,20562158,10.34,0.597974808031998,0.56244095109225,0.451782357781508,-0.0465038593966246,0.781876324710642,0.32513138445897,0.371196805137576,0.826098228849226,0.597974808031998,0.56244095109225,0,0
"C3",1,"MARS",25,1003,800,200,20562133,3.37,0.597974808031998,0.56244095109225,0.451782357781508,-0.0465038593966246,0.781876324710642,0.32513138445897,0.371196805137576,0.826098228849226,0.597974808031998,0.56244095109225,0,0
"C3",1,"MARS",10,401,800,200,20562118,0.700000000000003,0.597974808031998,0.56244095109225,0.451782357781508,-0.0465038593966246,0.781876324710642,0.32513138445897,0.371196805137576,0.826098228849226,0.597974808031998,0.56244095109225,0,0
"C3",1,"MARS",5,201,800,200,20562113,0.27000000000001,0.597974808031998,0.56244095109225,0.451782357781508,-0.0465038593966246,0.781876324710642,0.32513138445897,0.371196805137576,0.826098228849226,0.597974808031998,0.56244095109225,0,0
"C3",1,"MARS",1,40,800,200,20562109,0.0500000000000114,0.597974808031998,0.56244095109225,0.451782357781508,-0.0465038593966246,0.781876324710642,0.32513138445897,0.371196805137576,0.826098228849226,0.597974808031998,0.56244095109225,0,0
"C3",1,"TREE",100,4010,800,200,20562308,10.68,0.319297201991107,0.745922408453497,0.598202223549545,-0.0215664257190943,0.373045710270212,-0.187005338623692,0.21360496021962,0.933431127014201,0.319297201991107,0.745922408453497,0,0
"C3",1,"TREE",50,2005,800,200,20562258,4.25,0.321325549455759,0.746455253276277,0.599184043749323,-0.025616076107548,0.373480478847444,-0.188701803429046,0.221685297916009,0.930268596738617,0.319297201991107,0.745922408453497,-0.00202834746465169,0.000532844822780709
"C3",1,"TREE",25,1003,800,200,20562233,1.89,0.321325549455759,0.746455253276277,0.599184043749323,-0.025616076107548,0.373480478847444,-0.188701803429046,0.221685297916009,0.930268596738617,0.319297201991107,0.745922408453497,-0.00202834746465169,0.000532844822780709
"C3",1,"TREE",10,401,800,200,20562218,0.580000000000002,0.321325549455759,0.746455253276277,0.599184043749323,-0.025616076107548,0.373480478847444,-0.188701803429046,0.221685297916009,0.930268596738617,0.319297201991107,0.745922408453497,-0.00202834746465169,0.000532844822780709
"C3",1,"TREE",5,201,800,200,20562213,0.32,0.321325549455759,0.746455253276277,0.599184043749323,-0.025616076107548,0.373480478847444,-0.188701803429046,0.221685297916009,0.930268596738617,0.319297201991107,0.745922408453497,-0.00202834746465169,0.000532844822780709
"C3",1,"TREE",1,40,800,200,20562209,0.0700000000000003,0.348240386937745,0.682283587010324,0.567190640256328,-0.093149365223918,0.529351566686758,0.00689490021684791,0.179033295451319,0.899994556371141,0.319297201991107,0.745922408453497,-0.0289431849466374,-0.0636388214431729
"C3",1,"BAGGING",100,4010,800,200,20562408,566.24,0.798938047851589,0.460835655772964,0.380488999149989,-0.0383250462833223,1.59182055162273,0.54693813134492,0.535325310464961,0.737743797959734,0.798938047851589,0.460835655772964,0,0
"C3",1,"BAGGING",50,2005,800,200,20562358,271.17,0.793255902997319,0.462622699231421,0.383624803083326,-0.0371484409499922,1.56973492688038,0.543417522359716,0.525200570448266,0.741459620708406,0.798938047851589,0.460835655772964,0.00568214485427065,0.00178704345845704
"C3",1,"BAGGING",25,1003,800,200,20562333,134.86,0.795478885622769,0.464240692299006,0.383498571300002,-0.0405756621666648,1.60038025557304,0.540218201853685,0.529364882843683,0.740643745320221,0.798938047851589,0.460835655772964,0.00345916222882015,0.00340503652604179
"C3",1,"BAGGING",10,401,800,200,20562318,54.47,0.779685916318321,0.465233830047384,0.377580323350001,-0.0366330378499939,1.49585124246169,0.538248899756886,0.501668207698457,0.749693849128397,0.798938047851589,0.460835655772964,0.0192521315332683,0.00439817427441963
"C3",1,"BAGGING",5,201,800,200,20562313,28.25,0.76246137420093,0.469855596185554,0.379182727983337,-0.0332753176166606,1.41470962787212,0.529028994113622,0.505962963467268,0.746763207413142,0.798938047851589,0.460835655772964,0.0364766736506588,0.00901994041259002
"C3",1,"BAGGING",1,40,800,200,20562309,6.37999999999988,0.583110467439715,0.561382821464804,0.445623099016667,-0.0676770848833185,0.91989562734401,0.327668279230273,0.383529036608469,0.803405880117126,0.798938047851589,0.460835655772964,0.215827580411874,0.10054716569184
"C3",1,"RF",100,4010,800,200,20562508,212.07,0.803145514720471,0.462126136871166,0.38233405328334,-0.0342439700833297,1.63951986889589,0.54439715433943,0.535918710458588,0.738896048189081,0.803145514720471,0.462126136871166,0,0
"C3",1,"RF",50,2005,800,200,20562458,106.56,0.79405775851422,0.458433388886352,0.379745692966671,-0.0383035846999966,1.53046753969119,0.551649306542368,0.533915428740458,0.736566257249039,0.803145514720471,0.462126136871166,0.00908775620625046,-0.00369274798481323
"C3",1,"RF",25,1003,800,200,20562433,52.88,0.806346781560646,0.451223321394076,0.371815228199996,-0.0311043745333357,1.55324621506788,0.56564138467629,0.540810056876649,0.733717824727549,0.803145514720471,0.462126136871166,-0.00320126684017474,-0.01090281547709
"C3",1,"RF",10,401,800,200,20562418,23.46,0.79361334711795,0.454938967202819,0.373834238383328,-0.0353475258499883,1.4931300007637,0.55845838814258,0.524994634497356,0.739188150804833,0.803145514720471,0.462126136871166,0.0095321676025214,-0.00718716966834682
"C3",1,"RF",5,201,800,200,20562413,12.71,0.757819705130013,0.470939336839645,0.380956655899999,-0.0382103220666674,1.38467255170576,0.526853861706483,0.497065563931723,0.750082313142069,0.803145514720471,0.462126136871166,0.0453258095904577,0.0088131999684794
"C3",1,"RF",1,40,800,200,20562409,3.07999999999998,0.650223783519309,0.524380484695628,0.428180521147619,-0.0553105809476001,1.09006980725894,0.413377920199828,0.411125057430247,0.787953075793448,0.803145514720471,0.462126136871166,0.152921731201162,0.0622543478244626
"C3",1,"BOOSTING",100,4010,800,200,20562608,41.34,0.793486287454713,0.47124034873399,0.390397066978417,-0.0474244799741657,1.65474415807396,0.526248823559876,0.544610385865018,0.736820287882515,0.793486287454713,0.47124034873399,0,0
"C3",1,"BOOSTING",50,2005,800,200,20562558,22.13,0.792896070436233,0.470087996716452,0.389512889113272,-0.0612786890173199,1.62014118534143,0.528562974418184,0.548859175156804,0.734147430847996,0.793486287454713,0.47124034873399,0.000590217018480388,-0.00115235201753783
"C3",1,"BOOSTING",25,1003,800,200,20562533,10.04,0.795956934113603,0.468300805804907,0.390462130361739,-0.0553854281152481,1.63119479908817,0.532140799696171,0.551754520385251,0.733052441608698,0.793486287454713,0.47124034873399,-0.00247064665889041,-0.00293954292908333
"C3",1,"BOOSTING",10,401,800,200,20562518,4.11,0.796026789044053,0.467263513458331,0.386225896841112,-0.0671136089760852,1.60393437583646,0.534211132616187,0.551164079209621,0.732541976674907,0.793486287454713,0.47124034873399,-0.00254050158933994,-0.00397683527565873
"C3",1,"BOOSTING",5,201,800,200,20562513,2.11,0.771110730078023,0.478953576208689,0.397210954527508,-0.0625749702306366,1.55442589471824,0.510613252307762,0.527186382355452,0.741943113660187,0.793486287454713,0.47124034873399,0.0223755573766902,0.00771322747469877
"C3",1,"BOOSTING",1,40,800,200,20562509,0.420000000000002,0.702809854639848,0.510573965791159,0.409737854947521,-0.0639413321576644,1.407184001887,0.443861838733334,0.454295320148528,0.770063204490787,0.793486287454713,0.47124034873399,0.0906764328148653,0.0393336170571687
"C3",2,"GBLUP",100,4010,800,200,20563108,21.46,0.812904440289742,0.420695460841035,0.333816635200599,0.00351759403598038,1.02781117043974,0.660306052293847,0.671028629868787,0.740895626492189,0.812904440289742,0.420695460841035,0,0
"C3",2,"GBLUP",50,2005,800,200,20563058,16.48,0.806487186138911,0.427040470659615,0.340521690751887,0.00255117714527145,0.975018836056177,0.649982122404425,0.667173282242873,0.741250773344191,0.812904440289742,0.420695460841035,0.0064172541508305,0.00634500981857955
"C3",2,"GBLUP",25,1003,800,200,20563033,20.25,0.803157620075184,0.431503343916469,0.346868500264767,0.00208738073399729,0.942220134277052,0.64262802845369,0.662004365217514,0.744216316585798,0.812904440289742,0.420695460841035,0.00974682021455742,0.0108078830754335
"C3",2,"GBLUP",10,401,800,200,20563018,16.33,0.781367991079351,0.453732934450255,0.363010120952969,-0.00211017890963141,0.912109005506596,0.60485839034319,0.638909464782285,0.763142971599829,0.812904440289742,0.420695460841035,0.0315364492103907,0.0330374736092198
"C3",2,"GBLUP",5,201,800,200,20563013,16.47,0.750362729920691,0.481227407885201,0.382636365280175,0.00379907151460856,0.896545352123558,0.555519343702591,0.611318141859016,0.784321348909806,0.812904440289742,0.420695460841035,0.0625417103690504,0.0605319470441654
"C3",2,"GBLUP",1,40,800,200,20563009,15.43,0.590474035403613,0.592356892278793,0.488981592398944,-7.59461609455065e-06,0.798760027149238,0.326528768471956,0.441783543191258,0.894084312977288,0.812904440289742,0.420695460841035,0.222430404886129,0.171661431437757
"C3",2,"MARS",100,4010,800,200,20563208,41.14,0.57764846753835,0.606701330981904,0.480044752616828,0.0388033673994261,0.749505268698502,0.29351645291993,0.463744159926934,0.881321437573729,0.57764846753835,0.606701330981904,0,0
"C3",2,"MARS",50,2005,800,200,20563158,10.4,0.57764846753835,0.606701330981904,0.480044752616828,0.0388033673994261,0.749505268698502,0.29351645291993,0.463744159926934,0.881321437573729,0.57764846753835,0.606701330981904,0,0
"C3",2,"MARS",25,1003,800,200,20563133,3.46,0.57764846753835,0.606701330981904,0.480044752616828,0.0388033673994261,0.749505268698502,0.29351645291993,0.463744159926934,0.881321437573729,0.57764846753835,0.606701330981904,0,0
"C3",2,"MARS",10,401,800,200,20563118,0.759999999999998,0.57764846753835,0.606701330981904,0.480044752616828,0.0388033673994261,0.749505268698502,0.29351645291993,0.463744159926934,0.881321437573729,0.57764846753835,0.606701330981904,0,0
"C3",2,"MARS",5,201,800,200,20563113,0.310000000000002,0.57764846753835,0.606701330981904,0.480044752616828,0.0388033673994261,0.749505268698502,0.29351645291993,0.463744159926934,0.881321437573729,0.57764846753835,0.606701330981904,0,0
"C3",2,"MARS",1,40,800,200,20563109,0.0499999999999972,0.57764846753835,0.606701330981904,0.480044752616828,0.0388033673994261,0.749505268698502,0.29351645291993,0.463744159926934,0.881321437573729,0.57764846753835,0.606701330981904,0,0
"C3",2,"TREE",100,4010,800,200,20563308,11.19,0.406976591549974,0.70099515429945,0.552099410325591,-0.0114954988347839,0.5526460193135,0.0568469172665799,0.335252588895726,0.955251767973178,0.406976591549974,0.70099515429945,0,0
"C3",2,"TREE",50,2005,800,200,20563258,4.53,0.406976591549975,0.700995154299448,0.552099410325588,-0.0114954988347898,0.552646019313504,0.056846917266584,0.335252588895725,0.955251767973178,0.406976591549974,0.70099515429945,-9.99200722162641e-16,-1.4432899320127e-15
"C3",2,"TREE",25,1003,800,200,20563233,1.99,0.406976591549975,0.700995154299448,0.552099410325588,-0.0114954988347898,0.552646019313504,0.056846917266584,0.335252588895725,0.955251767973178,0.406976591549974,0.70099515429945,-9.99200722162641e-16,-1.4432899320127e-15
"C3",2,"TREE",10,401,800,200,20563218,0.609999999999999,0.406976591549975,0.700995154299448,0.552099410325588,-0.0114954988347898,0.552646019313504,0.056846917266584,0.335252588895725,0.955251767973178,0.406976591549974,0.70099515429945,-9.99200722162641e-16,-1.4432899320127e-15
"C3",2,"TREE",5,201,800,200,20563213,0.300000000000001,0.406976591549975,0.700995154299448,0.552099410325588,-0.0114954988347898,0.552646019313504,0.056846917266584,0.335252588895725,0.955251767973178,0.406976591549974,0.70099515429945,-9.99200722162641e-16,-1.4432899320127e-15
"C3",2,"TREE",1,40,800,200,20563209,0.0500000000000007,0.383861582229045,0.686708179658512,0.55096497426057,0.0377356030507531,0.632564421649871,0.0948999313988862,0.310948718741582,0.948605350495684,0.406976591549974,0.70099515429945,0.0231150093209291,-0.0142869746409375
"C3",2,"BAGGING",100,4010,800,200,20563408,568.39,0.783501452567912,0.495926420998697,0.38082824783333,0.0618285285999967,1.55713146584809,0.527951469883205,0.627472598677519,0.811179871078598,0.783501452567912,0.495926420998697,0,0
"C3",2,"BAGGING",50,2005,800,200,20563358,273.97,0.777170250922757,0.499151228634039,0.383122655466664,0.0643229998000073,1.53997749402005,0.521792431055655,0.645217612868497,0.802920788706912,0.783501452567912,0.495926420998697,0.00633120164515444,0.00322480763534155
"C3",2,"BAGGING",25,1003,800,200,20563333,135.37,0.767973598951178,0.501607434916441,0.384486246616668,0.0610484208833366,1.50013840665425,0.517074556891078,0.614858589299099,0.814873057127824,0.783501452567912,0.495926420998697,0.0155278536167333,0.00568101391774428
"C3",2,"BAGGING",10,401,800,200,20563318,55.0900000000001,0.764254440823318,0.501326701055971,0.384412759750002,0.0622845416500016,1.4660387655852,0.517614961902711,0.615390623271036,0.812676231228571,0.783501452567912,0.495926420998697,0.0192470117445935,0.00540028005727394
"C3",2,"BAGGING",5,201,800,200,20563313,28.6100000000001,0.736995846658312,0.512282721170445,0.392376131899996,0.0659469181666684,1.36293216753944,0.49630043896319,0.583099058327864,0.824043202101438,0.783501452567912,0.495926420998697,0.0465056059095996,0.0163563001717479
"C3",2,"BAGGING",1,40,800,200,20563309,6.07999999999993,0.614693848244826,0.57006306457146,0.442315230450001,0.0230065196500121,1.04020727177039,0.376268089751757,0.488362953448053,0.865103211579191,0.783501452567912,0.495926420998697,0.168807604323086,0.0741366435727629
"C3",2,"RF",100,4010,800,200,20563508,212.23,0.778649721589424,0.500215580277712,0.385621425483331,0.0631377302500074,1.5642755037283,0.519750870747867,0.638122334418156,0.807752846062442,0.778649721589424,0.500215580277712,0,0
"C3",2,"RF",50,2005,800,200,20563458,103.6,0.778115604170329,0.49855923873616,0.383263905550004,0.0673236831166684,1.53661396526016,0.522926060143928,0.645325172638747,0.802458600522655,0.778649721589424,0.500215580277712,0.000534117419094593,-0.00165634154155198
"C3",2,"RF",25,1003,800,200,20563433,53.79,0.785862933966945,0.49276598226052,0.379773702816664,0.0652567503833373,1.53739227334365,0.533948838330429,0.639312214668808,0.804018864746229,0.778649721589424,0.500215580277712,-0.00721321237752159,-0.00744959801719203
"C3",2,"RF",10,401,800,200,20563418,23.0700000000001,0.756840371199646,0.506248828830555,0.385395507783331,0.0690318116166755,1.4523382348841,0.508096152039809,0.616239165078543,0.812342936753976,0.778649721589424,0.500215580277712,0.021809350389778,0.00603324855284293
"C3",2,"RF",5,201,800,200,20563413,12.68,0.722740850936017,0.520408487672264,0.396060490500006,0.0694012780333426,1.33515731810217,0.480194465645102,0.595061787666787,0.818341898096819,0.778649721589424,0.500215580277712,0.0559088706534061,0.0201929073945522
"C3",2,"RF",1,40,800,200,20563409,3.06999999999999,0.658270143308144,0.553319830086789,0.424774992383334,0.0820099260500069,1.15771445897052,0.412369097316025,0.515789895706803,0.852586851804979,0.778649721589424,0.500215580277712,0.120379578281279,0.0531042498090771
"C3",2,"BOOSTING",100,4010,800,200,20563608,40.34,0.749091805502942,0.512974978481279,0.394543123643905,0.0257960460656867,1.51548553482043,0.494938201727143,0.610997233651715,0.821216187093287,0.749091805502942,0.512974978481279,0,0
"C3",2,"BOOSTING",50,2005,800,200,20563558,23.1,0.758607111024169,0.508205410932029,0.393989327075155,0.0259544278466438,1.53498624775778,0.504286522945957,0.622449489222582,0.816295719065159,0.749091805502942,0.512974978481279,-0.00951530552122792,-0.00476956754925051
"C3",2,"BOOSTING",25,1003,800,200,20563533,10.74,0.757675738031856,0.507787429095257,0.39343747148658,0.0201603834268364,1.52590459096192,0.505101602903792,0.613564176425469,0.819900531237408,0.749091805502942,0.512974978481279,-0.00858393252891487,-0.00518754938602206
"C3",2,"BOOSTING",10,401,800,200,20563518,4.28,0.738669817174784,0.517200446851845,0.397512786147506,0.0191093738296971,1.48591413568836,0.486583360566219,0.607650334886234,0.822385907919982,0.749091805502942,0.512974978481279,0.0104219883281574,0.00422546837056625
"C3",2,"BOOSTING",5,201,800,200,20563513,2.03,0.727702110456095,0.520975441340779,0.401544786787016,0.0181370004628009,1.44266935291256,0.479061255124434,0.595811987540126,0.826078931411394,0.749091805502942,0.512974978481279,0.0213896950468461,0.00800046285950029
"C3",2,"BOOSTING",1,40,800,200,20563509,0.439999999999998,0.609575982057371,0.579623227416939,0.457782927241447,0.069202185130698,1.16195760770312,0.35517225086329,0.490691660980092,0.867579315603831,0.749091805502942,0.512974978481279,0.139515823445571,0.0666482489356597
"C3",3,"GBLUP",100,4010,800,200,20564108,21.64,0.826127918375556,0.399208406725341,0.319563109857684,0.0686879194937443,1.06803173677446,0.669947034059351,0.631914551992235,0.745223061455523,0.826127918375556,0.399208406725341,0,0
"C3",3,"GBLUP",50,2005,800,200,20564058,16.47,0.821971457176396,0.402386182517167,0.323206795012603,0.0720840482043854,1.01769591515531,0.664671550031226,0.629316809093187,0.746805781435764,0.826127918375556,0.399208406725341,0.00415646119916002,0.00317777579182632
"C3",3,"GBLUP",25,1003,800,200,20564033,14.73,0.817715368910983,0.406878047491761,0.331830622594677,0.0745666375179024,0.999993780193618,0.657143173696791,0.62859345872544,0.747818043342047,0.826127918375556,0.399208406725341,0.00841254946457315,0.0076696407664204
"C3",3,"GBLUP",10,401,800,200,20564018,19.29,0.803082012390601,0.423549947873036,0.343173759364966,0.0876684069008485,0.971548725349936,0.628470290108514,0.620182838065676,0.757311744670097,0.826127918375556,0.399208406725341,0.0230459059849549,0.0243415411476954
"C3",3,"GBLUP",5,201,800,200,20564013,16.37,0.742024529532634,0.478545046516345,0.384087176448509,0.0986470064548727,0.91524611033153,0.525725326764171,0.568484204510743,0.795232754648719,0.826127918375556,0.399208406725341,0.084103388842922,0.0793366397910044
"C3",3,"GBLUP",1,40,800,200,20564009,16.18,0.563280416224759,0.591101498317822,0.467253345398226,0.0898622797047319,0.783671775086203,0.27638359590122,0.473031916534496,0.846201889410644,0.826127918375556,0.399208406725341,0.262847502150797,0.191893091592481
"C3",3,"MARS",100,4010,800,200,20564208,44.29,0.576044401385301,0.594238449808953,0.472320647874584,0.109103595283543,0.745941952136916,0.268682810743062,0.446719455187242,0.870002847552196,0.576044401385301,0.594238449808953,0,0
"C3",3,"MARS",50,2005,800,200,20564158,10.69,0.576044401385301,0.594238449808953,0.472320647874584,0.109103595283543,0.745941952136916,0.268682810743062,0.446719455187242,0.870002847552196,0.576044401385301,0.594238449808953,0,0
"C3",3,"MARS",25,1003,800,200,20564133,3.23,0.576044401385301,0.594238449808953,0.472320647874584,0.109103595283543,0.745941952136916,0.268682810743062,0.446719455187242,0.870002847552196,0.576044401385301,0.594238449808953,0,0
"C3",3,"MARS",10,401,800,200,20564118,0.75,0.576044401385301,0.594238449808953,0.472320647874584,0.109103595283543,0.745941952136916,0.268682810743062,0.446719455187242,0.870002847552196,0.576044401385301,0.594238449808953,0,0
"C3",3,"MARS",5,201,800,200,20564113,0.319999999999993,0.576044401385301,0.594238449808953,0.472320647874584,0.109103595283543,0.745941952136916,0.268682810743062,0.446719455187242,0.870002847552196,0.576044401385301,0.594238449808953,0,0
"C3",3,"MARS",1,40,800,200,20564109,0.0499999999999972,0.576044401385301,0.594238449808953,0.472320647874584,0.109103595283543,0.745941952136916,0.268682810743062,0.446719455187242,0.870002847552196,0.576044401385301,0.594238449808953,0,0
"C3",3,"TREE",100,4010,800,200,20564308,10.84,0.302673432791777,0.741379491663898,0.583150327014681,0.0149978207115144,0.38719810317979,-0.138322760769798,0.168785450466484,1.00112826118649,0.302673432791777,0.741379491663898,0,0
"C3",3,"TREE",50,2005,800,200,20564258,4.47,0.302673432791776,0.741379491663897,0.58315032701468,0.014997820711509,0.387198103179792,-0.138322760769795,0.168785450466483,1.00112826118648,0.302673432791777,0.741379491663898,8.32667268468867e-16,-9.99200722162641e-16
"C3",3,"TREE",25,1003,800,200,20564233,1.88,0.302673432791776,0.741379491663897,0.58315032701468,0.014997820711509,0.387198103179792,-0.138322760769795,0.168785450466483,1.00112826118648,0.302673432791777,0.741379491663898,8.32667268468867e-16,-9.99200722162641e-16
"C3",3,"TREE",10,401,800,200,20564218,0.600000000000001,0.302673432791776,0.741379491663897,0.58315032701468,0.014997820711509,0.387198103179792,-0.138322760769795,0.168785450466483,1.00112826118648,0.302673432791777,0.741379491663898,8.32667268468867e-16,-9.99200722162641e-16
"C3",3,"TREE",5,201,800,200,20564213,0.289999999999999,0.302673432791776,0.741379491663897,0.58315032701468,0.014997820711509,0.387198103179792,-0.138322760769795,0.168785450466483,1.00112826118648,0.302673432791777,0.741379491663898,8.32667268468867e-16,-9.99200722162641e-16
"C3",3,"TREE",1,40,800,200,20564209,0.0599999999999987,0.179164049209803,0.723646455186431,0.584072475106366,0.0441468864508278,0.348096082344944,-0.0845189908194055,0.131164586384694,0.962895333267389,0.302673432791777,0.741379491663898,0.123509383581974,-0.0177330364774674
"C3",3,"BAGGING",100,4010,800,200,20564408,563.23,0.802866578106095,0.472976568775377,0.377860415133334,0.0765697304666636,1.6271285206794,0.536698681770696,0.601665518350247,0.796249653216356,0.802866578106095,0.472976568775377,0,0
"C3",3,"BAGGING",50,2005,800,200,20564358,271.47,0.812641229482298,0.463627704177158,0.370081186250003,0.069499173950011,1.61388732085177,0.554832918791432,0.605905805688773,0.790867238182432,0.802866578106095,0.472976568775377,-0.00977465137620337,-0.00934886459821926
"C3",3,"BAGGING",25,1003,800,200,20564333,134.2,0.807927167317443,0.465967269201636,0.37256151535,0.0686626675500012,1.60450520607325,0.550328765422196,0.603340121075213,0.79170780991466,0.802866578106095,0.472976568775377,-0.00506058921134833,-0.00700929957374086
"C3",3,"BAGGING",10,401,800,200,20564318,53.9599999999999,0.807395917416173,0.45801961614425,0.370417494133334,0.0589336216333414,1.53483913971793,0.565537356771214,0.583721172352071,0.793768584725006,0.802866578106095,0.472976568775377,-0.00452933931007837,-0.0149569526311271
"C3",3,"BAGGING",5,201,800,200,20564313,27.8,0.787218984898273,0.469707773486674,0.374196174499999,0.0650069718666934,1.49468622375327,0.543080409921629,0.578022767903507,0.797547065663964,0.802866578106095,0.472976568775377,0.0156475932078217,-0.00326879528870361
"C3",3,"BAGGING",1,40,800,200,20564309,6.30999999999995,0.631429044461088,0.543307456930828,0.431865333349996,0.0617047944166775,1.07919644639326,0.388670132045276,0.515989635347605,0.81818765411307,0.802866578106095,0.472976568775377,0.171437533645007,0.0703308881554506
"C3",3,"RF",100,4010,800,200,20564508,211.97,0.804348511707382,0.467740372702994,0.375346047583333,0.0725360314500072,1.59050616935204,0.546900067029114,0.605842759058181,0.791252867052909,0.804348511707382,0.467740372702994,0,0
"C3",3,"RF",50,2005,800,200,20564458,104.16,0.807788017711061,0.463568589934619,0.3735317465,0.0673286457666727,1.58133886829198,0.554946432444289,0.605975535572195,0.78896201225483,0.804348511707382,0.467740372702994,-0.00343950600367915,-0.00417178276837421
"C3",3,"RF",25,1003,800,200,20564433,54.22,0.807726717963263,0.460756634791652,0.371407829749991,0.0599114220833474,1.56304823324012,0.56032934688166,0.608355916275691,0.785083668605488,0.804348511707382,0.467740372702994,-0.00337820625588103,-0.00698373791134171
"C3",3,"RF",10,401,800,200,20564418,23.08,0.799269597052655,0.463181873657225,0.372565837549997,0.0618009894166668,1.5224681695716,0.555688664227891,0.598216153026018,0.788428469161338,0.804348511707382,0.467740372702994,0.00507891465472721,-0.00455849904576805
"C3",3,"RF",5,201,800,200,20564413,12.87,0.771078412943517,0.479266054467264,0.385909065016664,0.0613186141833446,1.47965973087181,0.5242951022971,0.565964878803039,0.802542406105151,0.804348511707382,0.467740372702994,0.0332700987638652,0.0115256817642704
"C3",3,"RF",1,40,800,200,20564409,3.22000000000003,0.556494614582269,0.579245913393843,0.477329300254764,0.0452358659214384,0.968432696003055,0.305119314892568,0.417269369433313,0.858780590225114,0.804348511707382,0.467740372702994,0.247853897125113,0.111505540690849
"C3",3,"BOOSTING",100,4010,800,200,20564608,41.11,0.804672583211216,0.471326062806691,0.379323986570314,0.0500922619084624,1.66010446941296,0.539926526105431,0.606764106333585,0.789516997589486,0.804672583211216,0.471326062806691,0,0
"C3",3,"BOOSTING",50,2005,800,200,20564558,22.51,0.807941719157605,0.468244776217166,0.376671461196723,0.0487077109750059,1.65334676875488,0.545922309104011,0.621374563905837,0.782582010589609,0.804672583211216,0.471326062806691,-0.003269135946389,-0.00308128658952544
"C3",3,"BOOSTING",25,1003,800,200,20564533,10.27,0.810086574688617,0.469144656216727,0.377783063168256,0.051414358537298,1.67510022744402,0.544175325070172,0.610173269598427,0.788692145818945,0.804672583211216,0.471326062806691,-0.00541399147740107,-0.0021814065899638
"C3",3,"BOOSTING",10,401,800,200,20564518,4.13000000000001,0.80460237560903,0.470487508731972,0.379439505340723,0.0501901065851842,1.65074364998257,0.541562138154247,0.602302109641117,0.790776548907896,0.804672583211216,0.471326062806691,7.02076021859011e-05,-0.000838554074719
"C3",3,"BOOSTING",5,201,800,200,20564513,2.11999999999999,0.789646227708076,0.478666691460703,0.384355562614689,0.0466640638511544,1.63220445477275,0.525484177265796,0.597713874709992,0.792494798393921,0.804672583211216,0.471326062806691,0.0150263555031402,0.00734062865401219
"C3",3,"BOOSTING",1,40,800,200,20564509,0.420000000000002,0.70477791114169,0.508942487025635,0.410449626835001,0.0298228776064121,1.33523684310168,0.463559327064486,0.535974854449938,0.807478897246005,0.804672583211216,0.471326062806691,0.0998946720695256,0.0376164242189439
"C3",4,"GBLUP",100,4010,800,200,20565108,18.93,0.775690805108116,0.452114380971661,0.358930698498156,0.00495438722223724,1.01757747668024,0.601468830537202,0.548778623706556,0.821802840850281,0.775690805108116,0.452114380971661,0,0
"C3",4,"GBLUP",50,2005,800,200,20565058,15.86,0.769292434136963,0.457952451426037,0.362096960262797,0.00511015078998852,0.967925058535037,0.591110058654987,0.542054322895841,0.826910154419456,0.775690805108116,0.452114380971661,0.00639837097115392,0.00583807045437612
"C3",4,"GBLUP",25,1003,800,200,20565033,15,0.757375251041302,0.469285199899131,0.367982276753813,0.00403221558806109,0.932946315841683,0.570622417495681,0.536118635130545,0.831740890939979,0.775690805108116,0.452114380971661,0.0183155540668145,0.0171708189274702
"C3",4,"GBLUP",10,401,800,200,20565018,16.61,0.734558929149673,0.489563044920955,0.381656561576079,0.00652043269713467,0.899202855378256,0.532713853972393,0.507438338251705,0.851284658025678,0.775690805108116,0.452114380971661,0.0411318759584435,0.0374486639492942
"C3",4,"GBLUP",5,201,800,200,20565013,16.22,0.694588784738066,0.519602176387636,0.403250444175075,0.00515621659228906,0.881063470597324,0.473610068493572,0.456933073972638,0.881767002985812,0.775690805108116,0.452114380971661,0.0811020203700505,0.0674877954159745
"C3",4,"GBLUP",1,40,800,200,20565009,16.27,0.612947563987827,0.568844690674612,0.452129659707937,-0.00289601207123781,0.883146715083863,0.36911083520804,0.393598371011243,0.910568713619755,0.775690805108116,0.452114380971661,0.162743241120289,0.116730309702951
"C3",4,"MARS",100,4010,800,200,20565208,42.41,0.507533855961824,0.636986432676573,0.498655402111245,0.0015859621634425,0.697008624789222,0.208909780220805,0.310854860929605,0.958605931400342,0.507533855961824,0.636986432676573,0,0
"C3",4,"MARS",50,2005,800,200,20565158,10.67,0.507533855961824,0.636986432676573,0.498655402111245,0.0015859621634425,0.697008624789222,0.208909780220805,0.310854860929605,0.958605931400342,0.507533855961824,0.636986432676573,0,0
"C3",4,"MARS",25,1003,800,200,20565133,3.08,0.507533855961824,0.636986432676573,0.498655402111245,0.0015859621634425,0.697008624789222,0.208909780220805,0.310854860929605,0.958605931400342,0.507533855961824,0.636986432676573,0,0
"C3",4,"MARS",10,401,800,200,20565118,0.710000000000008,0.507533855961824,0.636986432676573,0.498655402111245,0.0015859621634425,0.697008624789222,0.208909780220805,0.310854860929605,0.958605931400342,0.507533855961824,0.636986432676573,0,0
"C3",4,"MARS",5,201,800,200,20565113,0.280000000000001,0.507533855961824,0.636986432676573,0.498655402111245,0.0015859621634425,0.697008624789222,0.208909780220805,0.310854860929605,0.958605931400342,0.507533855961824,0.636986432676573,0,0
"C3",4,"MARS",1,40,800,200,20565109,0.0500000000000114,0.507533855961824,0.636986432676573,0.498655402111245,0.0015859621634425,0.697008624789222,0.208909780220805,0.310854860929605,0.958605931400342,0.507533855961824,0.636986432676573,0,0
"C3",4,"TREE",100,4010,800,200,20565308,11.16,0.321609935121921,0.763431326248276,0.622420091073888,-0.0173294230275899,0.396720823178072,-0.136332960408166,0.196211234562878,1.04007541443371,0.321609935121921,0.763431326248276,0,0
"C3",4,"TREE",50,2005,800,200,20565258,4.48,0.32160993512192,0.763431326248278,0.622420091073889,-0.0173294230275926,0.39672082317807,-0.13633296040817,0.196211234562878,1.04007541443371,0.321609935121921,0.763431326248276,8.32667268468867e-16,1.11022302462516e-15
"C3",4,"TREE",25,1003,800,200,20565233,1.89,0.32160993512192,0.763431326248278,0.622420091073889,-0.0173294230275926,0.39672082317807,-0.13633296040817,0.196211234562878,1.04007541443371,0.321609935121921,0.763431326248276,8.32667268468867e-16,1.11022302462516e-15
"C3",4,"TREE",10,401,800,200,20565218,0.609999999999999,0.32160993512192,0.763431326248278,0.622420091073889,-0.0173294230275926,0.39672082317807,-0.13633296040817,0.196211234562878,1.04007541443371,0.321609935121921,0.763431326248276,8.32667268468867e-16,1.11022302462516e-15
"C3",4,"TREE",5,201,800,200,20565213,0.280000000000001,0.32160993512192,0.763431326248278,0.622420091073889,-0.0173294230275926,0.39672082317807,-0.13633296040817,0.196211234562878,1.04007541443371,0.321609935121921,0.763431326248276,8.32667268468867e-16,1.11022302462516e-15
"C3",4,"TREE",1,40,800,200,20565209,0.0600000000000023,0.277955431317464,0.716886508802467,0.586101667580876,-0.0166008140972234,0.497660210540142,-0.0019971023493961,0.212096560301831,0.980540512453841,0.321609935121921,0.763431326248276,0.0436545038044572,-0.0465448174458094
"C3",4,"BAGGING",100,4010,800,200,20565408,562.29,0.719812735454389,0.526658933684892,0.409108850800002,0.0296755713666629,1.49757858196137,0.459215093507838,0.519396793265051,0.853883544148159,0.719812735454389,0.526658933684892,0,0
"C3",4,"BAGGING",50,2005,800,200,20565358,271.67,0.724035755370297,0.522233007725635,0.402746626766664,0.0280527594666707,1.47539820027048,0.46826617643443,0.522809636606062,0.851246282131417,0.719812735454389,0.526658933684892,-0.00422301991590757,-0.00442592595925684
"C3",4,"BAGGING",25,1003,800,200,20565333,133.97,0.706101831082714,0.52960945628801,0.412980468716654,0.0259476186166749,1.42349358462695,0.453138798093542,0.497893072187116,0.860798932299847,0.719812735454389,0.526658933684892,0.0137109043716757,0.00295052260311823
"C3",4,"BAGGING",10,401,800,200,20565318,54.4900000000001,0.688993607699878,0.536370124132666,0.419018559716665,0.0249555280833317,1.36842439749086,0.439087898327914,0.48932055740085,0.863570549478791,0.719812735454389,0.526658933684892,0.0308191277545118,0.00971119044777347
"C3",4,"BAGGING",5,201,800,200,20565313,28.3899999999999,0.66748760359033,0.543173137672015,0.419408367299993,0.020271269066662,1.26856740111882,0.424769084676837,0.456422398281164,0.875780402788491,0.719812735454389,0.526658933684892,0.0523251318640591,0.0165142039871226
"C3",4,"BAGGING",1,40,800,200,20565309,5.95000000000005,0.642474391265893,0.550475626664559,0.427876131749991,0.0257343748833331,1.08036389429813,0.409198159119401,0.456895615673631,0.872644501111291,0.719812735454389,0.526658933684892,0.0773383441884965,0.0238166929796669
"C3",4,"RF",100,4010,800,200,20565508,211.3,0.720233159047453,0.526899834088515,0.412200563933326,0.0282144351666783,1.50537533416656,0.458720256759835,0.522613103990478,0.85301531252055,0.720233159047453,0.526899834088515,0,0
"C3",4,"RF",50,2005,800,200,20565458,104.83,0.72918106816818,0.519946241513795,0.406759283066659,0.0297163356666633,1.48725505627536,0.47291271813571,0.527540207072776,0.84929274767005,0.720233159047453,0.526899834088515,-0.00894790912072718,-0.0069535925747195
"C3",4,"RF",25,1003,800,200,20565433,53.52,0.697208135214573,0.532625019287681,0.411575203216665,0.0296703091166658,1.38448534975312,0.446893481637025,0.497286355575108,0.860002953945929,0.720233159047453,0.526899834088515,0.0230250238328805,0.00572518519916565
"C3",4,"RF",10,401,800,200,20565418,23.22,0.698952843961969,0.528765721542139,0.411947374283328,0.0287425789833406,1.34428741518723,0.454879848042299,0.485361700882696,0.863468394140815,0.720233159047453,0.526899834088515,0.0212803150854847,0.00186588745362393
"C3",4,"RF",5,201,800,200,20565413,12.62,0.661268849413506,0.545949198087254,0.422414371299994,0.0271159866000166,1.24531570385337,0.418874255439722,0.459725234690252,0.873654122770987,0.720233159047453,0.526899834088515,0.0589643096339469,0.0190493639987387
"C3",4,"RF",1,40,800,200,20565409,3.07999999999998,0.530716391088604,0.611612889912829,0.497169548311913,0.0384695428119178,0.855037998744139,0.270678678505631,0.357351108628817,0.920013975050328,0.720233159047453,0.526899834088515,0.189516767958849,0.0847130558243138
"C3",4,"BOOSTING",100,4010,800,200,20565608,41.18,0.744442663290484,0.517452802863036,0.412857473360843,0.00720686989591037,1.58895061151828,0.477955964470573,0.549737042815316,0.845545102078797,0.744442663290484,0.517452802863036,0,0
"C3",4,"BOOSTING",50,2005,800,200,20565558,22.44,0.737908835979247,0.520904871786488,0.416600141598278,0.0076967710549772,1.58032326160453,0.470967333859283,0.53349619559932,0.85203514604223,0.744442663290484,0.517452802863036,0.00653382731123653,0.00345206892345185
"C3",4,"BOOSTING",25,1003,800,200,20565533,10.25,0.715886725610266,0.530912605269298,0.419623886613733,0.0115115151044516,1.53193613025345,0.450444290405782,0.527117070157259,0.854104899144653,0.744442663290484,0.517452802863036,0.028555937680218,0.0134598024062621
"C3",4,"BOOSTING",10,401,800,200,20565518,3.95999999999999,0.733555982011128,0.523000139967004,0.416408363672631,0.00942355604649549,1.57189608862679,0.466702852198301,0.538469618193997,0.850017801824241,0.744442663290484,0.517452802863036,0.0108866812793555,0.00554733710396771
"C3",4,"BOOSTING",5,201,800,200,20565513,2.11,0.714193215196848,0.528506594705386,0.420110247907872,0.000903602349112731,1.48664438031144,0.455414000099096,0.518577244745984,0.856463090751532,0.744442663290484,0.517452802863036,0.0302494480936364,0.0110537918423502
"C3",4,"BOOSTING",1,40,800,200,20565509,0.410000000000011,0.614682790407987,0.571947623383063,0.456721896270961,0.00211957636901971,1.25518378016451,0.362209317689904,0.448347232532936,0.882844301391474,0.744442663290484,0.517452802863036,0.129759872882497,0.0544948205200267
"C3",5,"GBLUP",100,4010,800,200,20566108,18.02,0.794625801944872,0.402553905705098,0.317128815490135,-0.0148087001762952,0.929369957905491,0.627278844827145,0.542860262767194,0.752643764820671,0.794625801944872,0.402553905705098,0,0
"C3",5,"GBLUP",50,2005,800,200,20566058,15.82,0.791047594644186,0.409656963606114,0.325214306753165,-0.0166781454604776,0.882434729726468,0.614009480875178,0.540215365498534,0.75799370041649,0.794625801944872,0.402553905705098,0.00357820730068603,0.00710305790101612
"C3",5,"GBLUP",25,1003,800,200,20566033,22.9,0.789173301041064,0.414644927592965,0.329605614591235,-0.0154248467059378,0.85575591939156,0.604552651364275,0.543490031815314,0.758254118069965,0.794625801944872,0.402553905705098,0.00545250090380833,0.0120910218878668
"C3",5,"GBLUP",10,401,800,200,20566018,16.77,0.769874265746359,0.433806577354179,0.343602970391713,-0.0130392489290097,0.829175946264343,0.567159172060544,0.541294838680472,0.760402254147639,0.794625801944872,0.402553905705098,0.024751536198513,0.0312526716490806
"C3",5,"GBLUP",5,201,800,200,20566013,19.15,0.745912895070323,0.454063837675526,0.364886902405432,-0.00610242321617093,0.810262079417517,0.525791007891238,0.524703789889637,0.770940164329353,0.794625801944872,0.402553905705098,0.0487129068745489,0.0515099319704274
"C3",5,"GBLUP",1,40,800,200,20566009,16.02,0.64361199599053,0.522336791509513,0.410395478446226,0.0055149215499862,0.759138791223999,0.372466105187539,0.435011937976567,0.819695991772644,0.794625801944872,0.402553905705098,0.151013805954342,0.119782885804415
"C3",5,"MARS",100,4010,800,200,20566208,43.39,0.584983413174017,0.568253419308167,0.458602522951813,-0.0279940570068613,0.669869818216321,0.25728863521769,0.395316740276617,0.849082728052494,0.584983413174017,0.568253419308167,0,0
"C3",5,"MARS",50,2005,800,200,20566158,10.72,0.584983413174017,0.568253419308167,0.458602522951813,-0.0279940570068613,0.669869818216321,0.25728863521769,0.395316740276617,0.849082728052494,0.584983413174017,0.568253419308167,0,0
"C3",5,"MARS",25,1003,800,200,20566133,3.23,0.584983413174017,0.568253419308167,0.458602522951813,-0.0279940570068613,0.669869818216321,0.25728863521769,0.395316740276617,0.849082728052494,0.584983413174017,0.568253419308167,0,0
"C3",5,"MARS",10,401,800,200,20566118,0.730000000000004,0.584983413174017,0.568253419308167,0.458602522951813,-0.0279940570068613,0.669869818216321,0.25728863521769,0.395316740276617,0.849082728052494,0.584983413174017,0.568253419308167,0,0
"C3",5,"MARS",5,201,800,200,20566113,0.279999999999987,0.584983413174017,0.568253419308167,0.458602522951813,-0.0279940570068613,0.669869818216321,0.25728863521769,0.395316740276617,0.849082728052494,0.584983413174017,0.568253419308167,0,0
"C3",5,"MARS",1,40,800,200,20566109,0.0499999999999972,0.584983413174017,0.568253419308167,0.458602522951813,-0.0279940570068613,0.669869818216321,0.25728863521769,0.395316740276617,0.849082728052494,0.584983413174017,0.568253419308167,0,0
"C3",5,"TREE",100,4010,800,200,20566308,11.14,0.439814479624232,0.674237477628405,0.558070072860722,-0.0618085163560256,0.478241935536373,-0.0455907500156341,0.203691738488482,0.973132408214564,0.439814479624232,0.674237477628405,0,0
"C3",5,"TREE",50,2005,800,200,20566258,4.51,0.428933785641275,0.682434253885409,0.563626310311616,-0.0673647538069196,0.464404981145372,-0.0711679977834643,0.205760971909802,0.97362849125816,0.439814479624232,0.674237477628405,0.010880693982957,0.00819677625700388
"C3",5,"TREE",25,1003,800,200,20566233,1.93,0.428933785641275,0.682434253885409,0.563626310311616,-0.0673647538069196,0.464404981145372,-0.0711679977834643,0.205760971909802,0.97362849125816,0.439814479624232,0.674237477628405,0.010880693982957,0.00819677625700388
"C3",5,"TREE",10,401,800,200,20566218,0.649999999999999,0.428933785641275,0.682434253885409,0.563626310311616,-0.0673647538069196,0.464404981145372,-0.0711679977834643,0.205760971909802,0.97362849125816,0.439814479624232,0.674237477628405,0.010880693982957,0.00819677625700388
"C3",5,"TREE",5,201,800,200,20566213,0.27,0.428933785641275,0.682434253885409,0.563626310311616,-0.0673647538069196,0.464404981145372,-0.0711679977834643,0.205760971909802,0.97362849125816,0.439814479624232,0.674237477628405,0.010880693982957,0.00819677625700388
"C3",5,"TREE",1,40,800,200,20566209,0.0499999999999972,0.371239751412922,0.633462424106998,0.488401662317393,-0.0140904142011487,0.601857626853916,0.0770510694734198,0.290090353747522,0.865279182507301,0.439814479624232,0.674237477628405,0.06857472821131,-0.040775053521407
"C3",5,"BAGGING",100,4010,800,200,20566408,565.14,0.79967236682274,0.440442364594488,0.343842814933331,0.0240439288333408,1.57021572266629,0.553815863701421,0.546775523897818,0.760178157146485,0.79967236682274,0.440442364594488,0,0
"C3",5,"BAGGING",50,2005,800,200,20566358,271.11,0.803869929512696,0.437316351810302,0.34013153733333,0.028032066066667,1.56525102628968,0.560126917099052,0.557757110534132,0.755267494632682,0.79967236682274,0.440442364594488,-0.00419756268995608,-0.00312601278418601
"C3",5,"BAGGING",25,1003,800,200,20566333,134.75,0.797705622436417,0.439854408677941,0.345745206983336,0.0321319628833364,1.5437887118794,0.555006310054968,0.551590066094182,0.75734748354401,0.79967236682274,0.440442364594488,0.0019667443863236,-0.000587955916546312
"C3",5,"BAGGING",10,401,800,200,20566318,54.4699999999999,0.792273152437594,0.435770736367004,0.339576355016674,0.0241618174833393,1.4643801471657,0.563230725956596,0.542151804830768,0.758242609027715,0.79967236682274,0.440442364594488,0.00739921438514668,-0.00467162822748407
"C3",5,"BAGGING",5,201,800,200,20566313,27.6500000000001,0.795409780606861,0.432095374804508,0.340546159399997,0.0188813985333356,1.45189475171469,0.570567223110502,0.557908881674632,0.750805925847744,0.79967236682274,0.440442364594488,0.00426258621587983,-0.00834698978998005
"C3",5,"BAGGING",1,40,800,200,20566309,6.27999999999997,0.761869007687252,0.438612280147695,0.347982662650004,0.0080556700500037,1.24704064154673,0.55751604460333,0.51013359750344,0.767235158637348,0.79967236682274,0.440442364594488,0.0378033591354887,-0.00183008444679278
"C3",5,"RF",100,4010,800,200,20566508,212,0.804451494717528,0.439457021097374,0.337591357200002,0.0288569894666755,1.59163402312059,0.555810008193847,0.551141676321841,0.75900251571767,0.804451494717528,0.439457021097374,0,0
"C3",5,"RF",50,2005,800,200,20566458,104.37,0.806802162644255,0.433698429742871,0.338804768783331,0.0305636720833473,1.54712610493114,0.567374958861056,0.547113243584658,0.758522030235342,0.804451494717528,0.439457021097374,-0.00235066792672722,-0.00575859135450257
"C3",5,"RF",25,1003,800,200,20566433,53.63,0.806605444530794,0.432106161470791,0.335140164583343,0.0225522908500073,1.53428774207832,0.570545782446505,0.553188918152233,0.755487831643891,0.804451494717528,0.439457021097374,-0.00215394981326689,-0.00735085962658327
"C3",5,"RF",10,401,800,200,20566418,23.59,0.806576904276912,0.432246900678843,0.33608464786667,0.0280539759333367,1.53220434284808,0.570265985975898,0.559330612063341,0.752899626349667,0.804451494717528,0.439457021097374,-0.00212540955938489,-0.00721012041853114
"C3",5,"RF",5,201,800,200,20566413,13.09,0.789044926670974,0.440199342260729,0.341951926916672,0.0336918490166646,1.48100229239401,0.554308108789146,0.545867170243897,0.757704725682368,0.804451494717528,0.439457021097374,0.0154065680465539,0.000742321163354875
"C3",5,"RF",1,40,800,200,20566409,3.11000000000001,0.661079732522359,0.499394496582037,0.402730422833331,0.0273282529666775,1.16676110764398,0.42638109225191,0.451210891431387,0.794645980304977,0.804451494717528,0.439457021097374,0.143371762195169,0.0599374754846633
"C3",5,"BOOSTING",100,4010,800,200,20566608,41.16,0.787779429889403,0.446895034297946,0.354854028692289,0.00730577100154477,1.5592107096355,0.540646518687593,0.540694416250437,0.763240370922903,0.787779429889403,0.446895034297946,0,0
"C3",5,"BOOSTING",50,2005,800,200,20566558,22.25,0.780123998765192,0.449783038923133,0.357249212643998,0.0101576406914936,1.53353538348182,0.534690303378895,0.547010427120267,0.760270686781234,0.787779429889403,0.446895034297946,0.0076554311242103,0.0028880046251874
"C3",5,"BOOSTING",25,1003,800,200,20566533,10.56,0.783911130537059,0.44932209747624,0.353895218638351,0.00601118970336977,1.55780397714185,0.535643521288593,0.540698317098164,0.763527143563725,0.787779429889403,0.446895034297946,0.0038682993523439,0.00242706317829378
"C3",5,"BOOSTING",10,401,800,200,20566518,4.19999999999999,0.77971223630302,0.448193480611496,0.352598365649325,0.0158788977289132,1.51025817294994,0.537973352639819,0.544070074627256,0.760388977751122,0.787779429889403,0.446895034297946,0.00806719358638208,0.00129844631355003
"C3",5,"BOOSTING",5,201,800,200,20566513,1.98999999999999,0.784989512143089,0.447946838608551,0.349454648498596,0.0130911885058873,1.54860194822635,0.538481721581968,0.546361247643263,0.760718194058926,0.787779429889403,0.446895034297946,0.00278991774631343,0.0010518043106047
"C3",5,"BOOSTING",1,40,800,200,20566509,0.439999999999998,0.691345365076815,0.485331855629366,0.387329353647032,0.0211892615310575,1.24652206547916,0.458231749813052,0.490725524339855,0.778609988988383,0.787779429889403,0.446895034297946,0.0964340648125873,0.0384368213314206
"C4",1,"GBLUP",100,4010,800,200,20662108,20.79,0.851104491329998,0.303381997778628,0.246810812766776,-0.043305447937418,1.00417650621294,0.718633376117714,0.579987118391089,0.702190082784423,0.851104491329998,0.303381997778628,0,0
"C4",1,"GBLUP",50,2005,800,200,20662058,18.89,0.843923194704601,0.310377229625851,0.251383844926207,-0.0400492745324292,0.952202414863277,0.705508563448209,0.576972458668276,0.703652005767508,0.851104491329998,0.303381997778628,0.00718129662539757,0.00699523184722323
"C4",1,"GBLUP",25,1003,800,200,20662033,17.5,0.829356546087013,0.32481868982909,0.262309983382449,-0.0349035322645426,0.910527104768421,0.677466383421365,0.569265718931831,0.708343376446511,0.851104491329998,0.303381997778628,0.0217479452429853,0.021436692050462
"C4",1,"GBLUP",10,401,800,200,20662018,16.59,0.816960503986036,0.336891287695608,0.269858734198126,-0.0347970117468642,0.887718442022996,0.653045499255295,0.567204001611038,0.709920057877871,0.851104491329998,0.303381997778628,0.0341439873439617,0.0335092899169798
"C4",1,"GBLUP",5,201,800,200,20662013,16.41,0.785399296744108,0.366572698782726,0.297258715054972,-0.0360498091874317,0.836218909283367,0.589216302587726,0.547667568881799,0.723287144005034,0.851104491329998,0.303381997778628,0.0657051945858904,0.0631907010040987
"C4",1,"GBLUP",1,40,800,200,20662009,15.94,0.636331676473323,0.454633637184417,0.360808602675954,-0.0774444293317723,0.824143910844751,0.368146936247495,0.428765474358361,0.785595920738885,0.851104491329998,0.303381997778628,0.214772814856675,0.151251639405789
"C4",1,"MARS",100,4010,800,200,20662208,43.08,0.624805514122906,0.462951434248647,0.370587156804962,-0.0332123652712167,0.752579107547909,0.344815169535414,0.483178705885858,0.755268195359649,0.624805514122906,0.462951434248647,0,0
"C4",1,"MARS",50,2005,800,200,20662158,10.75,0.624805514122906,0.462951434248647,0.370587156804962,-0.0332123652712167,0.752579107547909,0.344815169535414,0.483178705885858,0.755268195359649,0.624805514122906,0.462951434248647,0,0
"C4",1,"MARS",25,1003,800,200,20662133,3.14000000000001,0.624805514122906,0.462951434248647,0.370587156804962,-0.0332123652712167,0.752579107547909,0.344815169535414,0.483178705885858,0.755268195359649,0.624805514122906,0.462951434248647,0,0
"C4",1,"MARS",10,401,800,200,20662118,0.710000000000008,0.624805514122906,0.462951434248647,0.370587156804962,-0.0332123652712167,0.752579107547909,0.344815169535414,0.483178705885858,0.755268195359649,0.624805514122906,0.462951434248647,0,0
"C4",1,"MARS",5,201,800,200,20662113,0.269999999999996,0.624805514122906,0.462951434248647,0.370587156804962,-0.0332123652712167,0.752579107547909,0.344815169535414,0.483178705885858,0.755268195359649,0.624805514122906,0.462951434248647,0,0
"C4",1,"MARS",1,40,800,200,20662109,0.0499999999999972,0.624805514122906,0.462951434248647,0.370587156804962,-0.0332123652712167,0.752579107547909,0.344815169535414,0.483178705885858,0.755268195359649,0.624805514122906,0.462951434248647,0,0
"C4",1,"TREE",100,4010,800,200,20662308,10.81,0.403562516223991,0.592753681903065,0.489513122118501,-0.0624600631917001,0.459672773816065,-0.0740920110989249,0.286329930593477,0.865389590828762,0.403562516223991,0.592753681903065,0,0
"C4",1,"TREE",50,2005,800,200,20662258,4.3,0.40330335753245,0.592800042043586,0.489796524715901,-0.0621766605942832,0.459476318167392,-0.074260030312842,0.286685961791939,0.865146683236804,0.403562516223991,0.592753681903065,0.000259158691540473,4.63601405213954e-05
"C4",1,"TREE",25,1003,800,200,20662233,1.89,0.40330335753245,0.592800042043586,0.489796524715901,-0.0621766605942832,0.459476318167392,-0.074260030312842,0.286685961791939,0.865146683236804,0.403562516223991,0.592753681903065,0.000259158691540473,4.63601405213954e-05
"C4",1,"TREE",10,401,800,200,20662218,0.629999999999999,0.40330335753245,0.592800042043586,0.489796524715901,-0.0621766605942832,0.459476318167392,-0.074260030312842,0.286685961791939,0.865146683236804,0.403562516223991,0.592753681903065,0.000259158691540473,4.63601405213954e-05
"C4",1,"TREE",5,201,800,200,20662213,0.27,0.40330335753245,0.592800042043586,0.489796524715901,-0.0621766605942832,0.459476318167392,-0.074260030312842,0.286685961791939,0.865146683236804,0.403562516223991,0.592753681903065,0.000259158691540473,4.63601405213954e-05
"C4",1,"TREE",1,40,800,200,20662209,0.0700000000000003,0.323067945241589,0.555744832072704,0.447406398026392,-0.0648337563927262,0.631044380439197,0.0558438388500542,0.234468464683416,0.843524817491595,0.403562516223991,0.592753681903065,0.0804945709824019,-0.0370088498303607
"C4",1,"BAGGING",100,4010,800,200,20662408,564.98,0.842872060418921,0.350686795693626,0.287388155999994,-0.0159866795666557,1.53168341617385,0.624048524651054,0.555412716680073,0.731565199101883,0.842872060418921,0.350686795693626,0,0
"C4",1,"BAGGING",50,2005,800,200,20662358,273.05,0.839995334376228,0.352866167284465,0.289321926516661,-0.0179161106166619,1.53278260113964,0.619361243030043,0.556042822578267,0.731775391101335,0.842872060418921,0.350686795693626,0.00287672604269318,0.00217937159083875
"C4",1,"BAGGING",25,1003,800,200,20662333,133.38,0.822870153441641,0.356902571751597,0.29159344003333,-0.0224142315000039,1.44880222845992,0.610603251690929,0.555834606082052,0.729792560666744,0.842872060418921,0.350686795693626,0.0200019069772795,0.0062157760579708
"C4",1,"BAGGING",10,401,800,200,20662318,53.61,0.82096901691547,0.357789421312769,0.29339101798333,-0.0090038595499999,1.45081418990243,0.608665661898516,0.553547047404409,0.729851016423122,0.842872060418921,0.350686795693626,0.0219030435034511,0.00710262561914321
"C4",1,"BAGGING",5,201,800,200,20662313,28.4300000000001,0.807633118836393,0.360156378408366,0.295497536016666,-0.00425814011667207,1.37621651104383,0.603470787990381,0.546107222854703,0.730096260516647,0.842872060418921,0.350686795693626,0.0352389415825282,0.00946958271473969
"C4",1,"BAGGING",1,40,800,200,20662309,6.11999999999989,0.729574502239807,0.393887649318288,0.319121468916664,0.0382599200166548,1.06680351855945,0.52571685338515,0.478242461031933,0.751546467341855,0.842872060418921,0.350686795693626,0.113297558179114,0.043200853624662
"C4",1,"RF",100,4010,800,200,20662508,207.97,0.843646835125968,0.35069547586031,0.286635833000008,-0.0203151622666731,1.53494796990505,0.624029913389394,0.55317990770715,0.732823657272513,0.843646835125968,0.35069547586031,0,0
"C4",1,"RF",50,2005,800,200,20662458,103.68,0.836070795125269,0.35408787735447,0.289106591249999,-0.0198763681833263,1.51650212751694,0.61672094894416,0.557300406767834,0.731058758575895,0.843646835125968,0.35069547586031,0.00757604000069922,0.00339240149415976
"C4",1,"RF",25,1003,800,200,20662433,54,0.822187479385262,0.356465880691741,0.29361172906667,-0.0100580416666587,1.44508719291375,0.611555567877694,0.545569441212944,0.73260260291248,0.843646835125968,0.35069547586031,0.0214593557407057,0.00577040483143088
"C4",1,"RF",10,401,800,200,20662418,22.77,0.816264579317607,0.359688683844532,0.293575150766663,-0.00704757519999895,1.43708935816882,0.604499975051816,0.53908756553814,0.734956139215245,0.843646835125968,0.35069547586031,0.0273822558083608,0.00899320798422204
"C4",1,"RF",5,201,800,200,20662413,12.84,0.783303778150824,0.379849650918651,0.306861946966672,-0.0127470975000129,1.42261498269278,0.558920951474938,0.525955248182341,0.742049471578009,0.843646835125968,0.35069547586031,0.0603430569751441,0.0291541750583409
"C4",1,"RF",1,40,800,200,20662409,3.25999999999999,0.695321263295675,0.412518532462301,0.342444731349997,-0.0340970579833335,1.01660700146404,0.479788565505194,0.464474485404065,0.761442401120389,0.843646835125968,0.35069547586031,0.148325571830293,0.0618230566019913
"C4",1,"BOOSTING",100,4010,800,200,20662608,40.64,0.80427856891724,0.371359429162827,0.306347272705987,-0.0412589855035525,1.45492019666652,0.578418177585801,0.537591317238428,0.740225369073465,0.80427856891724,0.371359429162827,0,0
"C4",1,"BOOSTING",50,2005,800,200,20662558,22.17,0.810338213277265,0.368735674221193,0.305693728400156,-0.0395686950290852,1.47196053562476,0.584354312545707,0.551372319691412,0.735260629184842,0.80427856891724,0.371359429162827,-0.00605964436002493,-0.00262375494163347
"C4",1,"BOOSTING",25,1003,800,200,20662533,10.37,0.80941613495251,0.371507499529865,0.306998427950469,-0.045817222968267,1.48897705430122,0.578081919959121,0.541011675432973,0.740561952468965,0.80427856891724,0.371359429162827,-0.00513756603527038,0.0001480703670379
"C4",1,"BOOSTING",10,401,800,200,20662518,4.25,0.791901833193602,0.378888813201585,0.313269655828542,-0.0421452635136792,1.45070102460052,0.561149566784538,0.544821111853389,0.738494248365009,0.80427856891724,0.371359429162827,0.0123767357236374,0.00752938403875791
"C4",1,"BOOSTING",5,201,800,200,20662513,2.05,0.78492221404633,0.379887794454075,0.311520572027409,-0.0414241560997144,1.40961963791129,0.558832362955775,0.543534228558711,0.737607512033188,0.80427856891724,0.371359429162827,0.0193563548709099,0.00852836529124851
"C4",1,"BOOSTING",1,40,800,200,20662509,0.420000000000002,0.693529944263652,0.41824976791424,0.338724634152558,-0.0410427898866156,1.17434233940506,0.465233266440274,0.476795391119146,0.75979593079799,0.80427856891724,0.371359429162827,0.110748624653587,0.046890338751413
"C4",2,"GBLUP",100,4010,800,200,20663108,20.4,0.860173531317674,0.313728319875622,0.249619122308344,0.0173549638800174,1.01483256114999,0.738941573364551,0.598076995040011,0.665762127317782,0.860173531317674,0.313728319875622,0,0
"C4",2,"GBLUP",50,2005,800,200,20663058,16.33,0.852602064914257,0.321791507866425,0.256083965489032,0.0151976284879498,0.964800960641032,0.72535011187353,0.5907046561104,0.671782742891665,0.860173531317674,0.313728319875622,0.00757146640341666,0.0080631879908033
"C4",2,"GBLUP",25,1003,800,200,20663033,14.99,0.842543809921555,0.333339945804674,0.268532885945613,0.011877440867751,0.928395732616829,0.705283134334656,0.579198341271992,0.680764242617757,0.860173531317674,0.313728319875622,0.0176297213961188,0.0196116259290526
"C4",2,"GBLUP",10,401,800,200,20663018,16.33,0.836523901844426,0.341253068450339,0.279978307675967,-0.000475800047575916,0.899958704676817,0.691124544350102,0.574205376736225,0.685352641991076,0.860173531317674,0.313728319875622,0.0236496294732482,0.027524748574717
"C4",2,"GBLUP",5,201,800,200,20663013,16.47,0.821226028566533,0.355439790654984,0.294724932656182,-0.00184468424864221,0.89393666965473,0.6649093131194,0.558969283091047,0.694742481619699,0.860173531317674,0.313728319875622,0.0389475027511407,0.0417114707793619
"C4",2,"GBLUP",1,40,800,200,20663009,16,0.613417632516934,0.491294314828205,0.390509234420275,0.027393669258206,0.835965145176749,0.359802835895417,0.339862108065801,0.7989709884848,0.860173531317674,0.313728319875622,0.24675589880074,0.177565994952584
"C4",2,"MARS",100,4010,800,200,20663208,41.89,0.686336479365513,0.452930210634873,0.34971802144386,0.0115921606841473,0.849352807151067,0.455882307805637,0.444700422005949,0.753848567584876,0.686336479365513,0.452930210634873,0,0
"C4",2,"MARS",50,2005,800,200,20663158,10.87,0.686336479365513,0.452930210634873,0.34971802144386,0.0115921606841473,0.849352807151067,0.455882307805637,0.444700422005949,0.753848567584876,0.686336479365513,0.452930210634873,0,0
"C4",2,"MARS",25,1003,800,200,20663133,3.32,0.686336479365513,0.452930210634873,0.34971802144386,0.0115921606841473,0.849352807151067,0.455882307805637,0.444700422005949,0.753848567584876,0.686336479365513,0.452930210634873,0,0
"C4",2,"MARS",10,401,800,200,20663118,0.720000000000006,0.686336479365513,0.452930210634873,0.34971802144386,0.0115921606841473,0.849352807151067,0.455882307805637,0.444700422005949,0.753848567584876,0.686336479365513,0.452930210634873,0,0
"C4",2,"MARS",5,201,800,200,20663113,0.309999999999988,0.686336479365513,0.452930210634873,0.34971802144386,0.0115921606841473,0.849352807151067,0.455882307805637,0.444700422005949,0.753848567584876,0.686336479365513,0.452930210634873,0,0
"C4",2,"MARS",1,40,800,200,20663109,0.0700000000000074,0.686336479365513,0.452930210634873,0.34971802144386,0.0115921606841473,0.849352807151067,0.455882307805637,0.444700422005949,0.753848567584876,0.686336479365513,0.452930210634873,0,0
"C4",2,"TREE",100,4010,800,200,20663308,10.77,0.443915509607762,0.643186611652452,0.530852603674232,-0.00767891450605568,0.450094127475641,-0.0972466416348849,0.283338809415806,0.877015077607326,0.443915509607762,0.643186611652452,0,0
"C4",2,"TREE",50,2005,800,200,20663258,4.55,0.443915509607765,0.643186611652453,0.530852603674231,-0.0076789145060507,0.450094127475641,-0.0972466416348854,0.283338809415808,0.877015077607327,0.443915509607762,0.643186611652452,-3.1641356201817e-15,2.22044604925031e-16
"C4",2,"TREE",25,1003,800,200,20663233,1.91,0.443915509607765,0.643186611652453,0.530852603674231,-0.0076789145060507,0.450094127475641,-0.0972466416348854,0.283338809415808,0.877015077607327,0.443915509607762,0.643186611652452,-3.1641356201817e-15,2.22044604925031e-16
"C4",2,"TREE",10,401,800,200,20663218,0.559999999999999,0.443915509607765,0.643186611652453,0.530852603674231,-0.0076789145060507,0.450094127475641,-0.0972466416348854,0.283338809415808,0.877015077607327,0.443915509607762,0.643186611652452,-3.1641356201817e-15,2.22044604925031e-16
"C4",2,"TREE",5,201,800,200,20663213,0.309999999999999,0.443915509607765,0.643186611652453,0.530852603674231,-0.0076789145060507,0.450094127475641,-0.0972466416348854,0.283338809415808,0.877015077607327,0.443915509607762,0.643186611652452,-3.1641356201817e-15,2.22044604925031e-16
"C4",2,"TREE",1,40,800,200,20663209,0.0599999999999987,0.288999976977154,0.60148050959656,0.490167702825744,0.0574224891294448,0.609312160754008,0.0404372357803361,0.155024185236374,0.838491165498119,0.443915509607762,0.643186611652452,0.154915532630608,-0.0417061020558924
"C4",2,"BAGGING",100,4010,800,200,20663408,561.77,0.845056595752455,0.379149625959871,0.302523947266655,0.0607838899666526,1.52960080418334,0.618713408798677,0.549215796417548,0.707081056477844,0.845056595752455,0.379149625959871,0,0
"C4",2,"BAGGING",50,2005,800,200,20663358,271.13,0.856856306078485,0.371061740365388,0.295535391416667,0.0555904406499913,1.54426359427856,0.634806849644634,0.556145245877437,0.703465040073391,0.845056595752455,0.379149625959871,-0.0117997103260301,-0.00808788559448226
"C4",2,"BAGGING",25,1003,800,200,20663333,132.95,0.849665611797754,0.377297618629913,0.302297688116663,0.0597635285166596,1.54592284940113,0.622429202680643,0.54993614350942,0.706964091290096,0.845056595752455,0.379149625959871,-0.00460901604529951,-0.00185200732995755
"C4",2,"BAGGING",10,401,800,200,20663318,54.6700000000001,0.837322078031671,0.373922304849039,0.298520790633333,0.0546461849999924,1.43309820691791,0.629154500465943,0.541742624603451,0.706587098309274,0.845056595752455,0.379149625959871,0.00773451772078326,-0.0052273211108318
"C4",2,"BAGGING",5,201,800,200,20663313,28.8099999999999,0.818737854813132,0.381533063721588,0.308150071666674,0.0418939323000065,1.38486667434377,0.613904598799251,0.517316843945196,0.715105715760916,0.845056595752455,0.379149625959871,0.0263187409393228,0.00238343776171746
"C4",2,"BAGGING",1,40,800,200,20663309,6.17000000000007,0.680235490843036,0.450937007893888,0.364950438066659,0.0261501401333177,1.02359257879437,0.460660750479769,0.412802360531947,0.759177453168227,0.845056595752455,0.379149625959871,0.164821104909419,0.0717873819340175
"C4",2,"RF",100,4010,800,200,20663508,211.19,0.844230980946848,0.379987926389128,0.304139562116658,0.060218632749991,1.53264377397837,0.617025494342826,0.549422492062668,0.707097100857626,0.844230980946848,0.379987926389128,0,0
"C4",2,"RF",50,2005,800,200,20663458,104.34,0.84548627644205,0.382077305317542,0.307252083633339,0.0648472894666577,1.55418937166615,0.61280231400272,0.55663754163448,0.705541605382864,0.844230980946848,0.379987926389128,-0.0012552954952012,0.0020893789284136
"C4",2,"RF",25,1003,800,200,20663433,54.15,0.837217687923609,0.380925171169114,0.3054068056,0.058227851433323,1.49482517532225,0.61513394202076,0.541206038820708,0.709255100583152,0.844230980946848,0.379987926389128,0.00701329302323939,0.000937244779985413
"C4",2,"RF",10,401,800,200,20663418,23.36,0.825505845240903,0.384936986051872,0.313605796833331,0.0606510566999863,1.44544727345955,0.606984614644908,0.531723476276435,0.712450599041947,0.844230980946848,0.379987926389128,0.0187251357059458,0.00494905966274395
"C4",2,"RF",5,201,800,200,20663413,12.5,0.804869206763333,0.393125043622646,0.320613900850009,0.0669028891166531,1.36249899635723,0.590087000915112,0.515712827839959,0.718527236454168,0.844230980946848,0.379987926389128,0.0393617741835157,0.0131371172335177
"C4",2,"RF",1,40,800,200,20663409,3.09000000000003,0.697678616400099,0.445321251866468,0.365533383316662,0.0569511664833401,1.1016243868374,0.474010455572123,0.44518457435741,0.746547799621858,0.844230980946848,0.379987926389128,0.146552364546749,0.0653333254773393
"C4",2,"BOOSTING",100,4010,800,200,20663608,40.93,0.851766351041998,0.375505456868715,0.298732721030754,0.0311571054526163,1.57605814115238,0.626007602475007,0.579297846693157,0.693586889881782,0.851766351041998,0.375505456868715,0,0
"C4",2,"BOOSTING",50,2005,800,200,20663558,22.22,0.850527291431556,0.375340474948673,0.298196636549957,0.0263254900360351,1.56939460498974,0.626336164566543,0.56300070735472,0.699478699518969,0.851766351041998,0.375505456868715,0.00123905961044202,-0.000164981920042329
"C4",2,"BOOSTING",25,1003,800,200,20663533,10.53,0.851155460429126,0.375258965960751,0.298078605316837,0.0251884026982291,1.57371275483503,0.626498436722427,0.564936173673288,0.698764681883424,0.851766351041998,0.375505456868715,0.000610890612871229,-0.000246490907963914
"C4",2,"BOOSTING",10,401,800,200,20663518,4.16000000000001,0.838583346078557,0.380359286694038,0.302774839076183,0.0308689502589026,1.53016248853244,0.616276570413893,0.564136447588958,0.698660032615517,0.851766351041998,0.375505456868715,0.0131830049634409,0.00485382982532351
"C4",2,"BOOSTING",5,201,800,200,20663513,2.09,0.837657758590671,0.381191186793458,0.303468640742839,0.0340952568226326,1.52900285655372,0.614596218915759,0.56623346636145,0.69810420663712,0.851766351041998,0.375505456868715,0.0141085924513268,0.00568572992474364
"C4",2,"BOOSTING",1,40,800,200,20663509,0.439999999999998,0.759779916506472,0.41704823416104,0.334941812480132,0.0191653363094669,1.3427419644323,0.538679406394394,0.53018769982803,0.709781522075534,0.851766351041998,0.375505456868715,0.091986434535526,0.0415427772923254
"C4",3,"GBLUP",100,4010,800,200,20664108,17.42,0.868182055406232,0.293969058821316,0.241863201614734,0.0411218591031027,1.0418561525723,0.747584323915331,0.626479723415512,0.652815871665214,0.868182055406232,0.293969058821316,0,0
"C4",3,"GBLUP",50,2005,800,200,20664058,17.66,0.862298679779955,0.299637928210662,0.248195640790817,0.0439427729486664,0.98538559230071,0.73775534204119,0.618996993877752,0.657209769522022,0.868182055406232,0.293969058821316,0.00588337562627639,0.00566886938934635
"C4",3,"GBLUP",25,1003,800,200,20664033,17.48,0.851030786408138,0.3119175958518,0.25739066653095,0.0464303021094003,0.948487999683423,0.715820445773572,0.609695439469278,0.663719397549259,0.868182055406232,0.293969058821316,0.0171512689980934,0.0179485370304839
"C4",3,"GBLUP",10,401,800,200,20664018,18.08,0.826412691765578,0.337618685598758,0.271670427385745,0.059604451868825,0.917506201780784,0.667059959069384,0.583815752706493,0.682266246453389,0.868182055406232,0.293969058821316,0.0417693636406539,0.0436496267774419
"C4",3,"GBLUP",5,201,800,200,20664013,12.61,0.799998349559985,0.363307208937349,0.292762109211497,0.0689353239130493,0.881121181675919,0.614467397515037,0.556086086151716,0.70151602250139,0.868182055406232,0.293969058821316,0.068183705846247,0.0693381501160333
"C4",3,"GBLUP",1,40,800,200,20664009,15.28,0.658810160736613,0.454970232510484,0.3736610435862,0.0788140431412727,0.821461887955579,0.395384822767993,0.459822254742096,0.751397314411888,0.868182055406232,0.293969058821316,0.209371894669619,0.161001173689168
"C4",3,"MARS",100,4010,800,200,20664208,42.72,0.635250195486544,0.478821092447961,0.373583529101677,0.0151533029534705,0.702257393308484,0.330331878687776,0.469471863662033,0.748498563765869,0.635250195486544,0.478821092447961,0,0
"C4",3,"MARS",50,2005,800,200,20664158,10.69,0.635250195486544,0.478821092447961,0.373583529101677,0.0151533029534705,0.702257393308484,0.330331878687776,0.469471863662033,0.748498563765869,0.635250195486544,0.478821092447961,0,0
"C4",3,"MARS",25,1003,800,200,20664133,3.00000000000001,0.635250195486544,0.478821092447961,0.373583529101677,0.0151533029534705,0.702257393308484,0.330331878687776,0.469471863662033,0.748498563765869,0.635250195486544,0.478821092447961,0,0
"C4",3,"MARS",10,401,800,200,20664118,0.699999999999989,0.635250195486544,0.478821092447961,0.373583529101677,0.0151533029534705,0.702257393308484,0.330331878687776,0.469471863662033,0.748498563765869,0.635250195486544,0.478821092447961,0,0
"C4",3,"MARS",5,201,800,200,20664113,0.310000000000002,0.635250195486544,0.478821092447961,0.373583529101677,0.0151533029534705,0.702257393308484,0.330331878687776,0.469471863662033,0.748498563765869,0.635250195486544,0.478821092447961,0,0
"C4",3,"MARS",1,40,800,200,20664109,0.039999999999992,0.635250195486544,0.478821092447961,0.373583529101677,0.0151533029534705,0.702257393308484,0.330331878687776,0.469471863662033,0.748498563765869,0.635250195486544,0.478821092447961,0,0
"C4",3,"TREE",100,4010,800,200,20664308,11.02,0.456026042555832,0.586998933093612,0.487818025201227,-0.0113500104042423,0.496407669771073,-0.00643956843911586,0.308395613683075,0.839544188839772,0.456026042555832,0.586998933093612,0,0
"C4",3,"TREE",50,2005,800,200,20664258,4.41,0.456026042555829,0.586998933093612,0.487818025201225,-0.011350010404237,0.496407669771071,-0.00643956843911631,0.308395613683075,0.839544188839771,0.456026042555832,0.586998933093612,2.44249065417534e-15,2.22044604925031e-16
"C4",3,"TREE",25,1003,800,200,20664233,1.84,0.456026042555829,0.586998933093612,0.487818025201225,-0.011350010404237,0.496407669771071,-0.00643956843911631,0.308395613683075,0.839544188839771,0.456026042555832,0.586998933093612,2.44249065417534e-15,2.22044604925031e-16
"C4",3,"TREE",10,401,800,200,20664218,0.670000000000002,0.456026042555829,0.586998933093612,0.487818025201225,-0.011350010404237,0.496407669771071,-0.00643956843911631,0.308395613683075,0.839544188839771,0.456026042555832,0.586998933093612,2.44249065417534e-15,2.22044604925031e-16
"C4",3,"TREE",5,201,800,200,20664213,0.280000000000001,0.456026042555829,0.586998933093612,0.487818025201225,-0.011350010404237,0.496407669771071,-0.00643956843911631,0.308395613683075,0.839544188839771,0.456026042555832,0.586998933093612,2.44249065417534e-15,2.22044604925031e-16
"C4",3,"TREE",1,40,800,200,20664209,0.0599999999999987,0.291898716382589,0.584018344629831,0.445053239924703,0.0823055654982603,0.540333924268181,0.00375522423414776,0.156075570148594,0.849605576114685,0.456026042555832,0.586998933093612,0.164127326173243,-0.00298058846378102
"C4",3,"BAGGING",100,4010,800,200,20664408,563.33,0.848834328878184,0.363344174922679,0.277763483299999,0.0584889173333312,1.57549799461621,0.614388938749472,0.588842499483103,0.6998963236995,0.848834328878184,0.363344174922679,0,0
"C4",3,"BAGGING",50,2005,800,200,20664358,270.23,0.850174270773486,0.360276523262403,0.27754623265001,0.0588184784833255,1.55379835928802,0.620872746103141,0.588694575785128,0.69878900005494,0.848834328878184,0.363344174922679,-0.00133994189530251,-0.00306765166027639
"C4",3,"BAGGING",25,1003,800,200,20664333,134.16,0.839325767419143,0.36405018413352,0.280756468483334,0.0606253368833283,1.51230918286426,0.612888931441658,0.579663512723893,0.70141145043543,0.848834328878184,0.363344174922679,0.009508561459041,0.000706009210841019
"C4",3,"BAGGING",10,401,800,200,20664318,54.01,0.842692876357234,0.357087755983564,0.277792047899998,0.0593432110666643,1.46855793758145,0.627554271928862,0.579557594250688,0.69890124894163,0.848834328878184,0.363344174922679,0.00614145252094978,-0.00625641893911455
"C4",3,"BAGGING",5,201,800,200,20664313,27.9100000000001,0.822670691363138,0.361101065042118,0.280344587150002,0.0595552443166632,1.3593282841523,0.619135391813244,0.566025824626111,0.701029163816526,0.848834328878184,0.363344174922679,0.0261636375150457,-0.00224310988056142
"C4",3,"BAGGING",1,40,800,200,20664309,6.20000000000005,0.702894674145654,0.420153190127638,0.340989772083333,0.0574611168166742,0.991625472293994,0.484381596498073,0.460054343991874,0.744111067368141,0.848834328878184,0.363344174922679,0.14593965473253,0.0568090152049589
"C4",3,"RF",100,4010,800,200,20664508,211.82,0.856013271187102,0.359057617592518,0.277077813633333,0.0612206622666751,1.57830834239713,0.62343377128887,0.600408659385084,0.695355641445918,0.856013271187102,0.359057617592518,0,0
"C4",3,"RF",50,2005,800,200,20664458,103.57,0.845184293727661,0.361794465505336,0.279528125249999,0.0549586585500066,1.54005498380783,0.617671285052227,0.59753430104126,0.694683461404291,0.856013271187102,0.359057617592518,0.0108289774594407,0.00273684791281775
"C4",3,"RF",25,1003,800,200,20664433,54.37,0.849500700754018,0.358407305337705,0.274593771016661,0.0604739493833331,1.52802064767176,0.624796582477172,0.588504481460031,0.697849325790181,0.856013271187102,0.359057617592518,0.00651257043308351,-0.000650312254813767
"C4",3,"RF",10,401,800,200,20664418,23.02,0.831457202997639,0.363960745014158,0.279605437166672,0.0611316741999993,1.45363750797963,0.61307911741896,0.587875642499221,0.696042624482388,0.856013271187102,0.359057617592518,0.0245560681894628,0.00490312742163912
"C4",3,"RF",5,201,800,200,20664413,12.91,0.821153625521666,0.364697112481063,0.279460693583329,0.062033814516661,1.38211902538239,0.611511892514087,0.573132691048844,0.699528105712056,0.856013271187102,0.359057617592518,0.0348596456654361,0.00563949488854432
"C4",3,"RF",1,40,800,200,20664409,3.11000000000001,0.738337908446211,0.40172343352153,0.312342839366669,0.0571216661999944,1.12767814462604,0.528624060572685,0.498479987179756,0.726720861366768,0.856013271187102,0.359057617592518,0.117675362740891,0.0426658159290111
"C4",3,"BOOSTING",100,4010,800,200,20664608,40.98,0.828557326387978,0.370124656939275,0.287027792040564,0.0407003049274179,1.52718313711855,0.599862628646378,0.584455960559209,0.698961392748804,0.828557326387978,0.370124656939275,0,0
"C4",3,"BOOSTING",50,2005,800,200,20664558,22.27,0.830891271627255,0.371494768954351,0.285943652460309,0.0432102233405794,1.55542422511072,0.596894721899627,0.581832791640122,0.701388090935932,0.828557326387978,0.370124656939275,-0.00233394523927766,0.00137011201507586
"C4",3,"BOOSTING",25,1003,800,200,20664533,10.63,0.833746772602695,0.366138172649616,0.281753271808084,0.0356829268599923,1.52788699533447,0.608435691574309,0.581039302598162,0.699322464142937,0.828557326387978,0.370124656939275,-0.00518944621471773,-0.00398648428965914
"C4",3,"BOOSTING",10,401,800,200,20664518,4.16999999999999,0.816582021914623,0.373533491174651,0.289349218005772,0.0454809986024992,1.47071575133003,0.592458187206573,0.576486490081337,0.700794073641445,0.828557326387978,0.370124656939275,0.0119753044733548,0.00340883423537641
"C4",3,"BOOSTING",5,201,800,200,20664513,2.13999999999999,0.806995715659966,0.380614168570111,0.292714895722012,0.0441786402347041,1.48092535557197,0.576861072195877,0.555806201207993,0.709772160373167,0.828557326387978,0.370124656939275,0.0215616107280118,0.0104895116308362
"C4",3,"BOOSTING",1,40,800,200,20664509,0.440000000000012,0.707044807738876,0.417103756268438,0.330588877159416,0.0226981855772836,1.12946658841312,0.491839058627616,0.451356637512445,0.743835766843181,0.828557326387978,0.370124656939275,0.121512518649102,0.0469790993291636
"C4",4,"GBLUP",100,4010,800,200,20665108,20.86,0.847171337824302,0.321742971187834,0.249800849980634,0.0110205801076105,1.03706275161528,0.716449941472916,0.61705476431922,0.724045491880114,0.847171337824302,0.321742971187834,0,0
"C4",4,"GBLUP",50,2005,800,200,20665058,15.5,0.843003217551453,0.325374959103421,0.249600412721359,0.0122649287065551,0.98231758928105,0.710012112524762,0.615915482328582,0.722739900707895,0.847171337824302,0.321742971187834,0.0041681202728483,0.003631987915587
"C4",4,"GBLUP",25,1003,800,200,20665033,22.97,0.834084648693047,0.335344875121535,0.255970953671935,0.0144692732637976,0.936905287183768,0.691968626427377,0.611084148545556,0.725033618344077,0.847171337824302,0.321742971187834,0.0130866891312549,0.0136019039337013
"C4",4,"GBLUP",10,401,800,200,20665018,17.56,0.81678903904648,0.353155759590313,0.274200612371366,0.0141659598640229,0.90011469481302,0.658379289038018,0.599449502138594,0.73281773742975,0.847171337824302,0.321742971187834,0.0303822987778213,0.031412788402479
"C4",4,"GBLUP",5,201,800,200,20665013,14.57,0.768829415304904,0.394684922279357,0.308145964220699,0.0255819087502962,0.85873377000348,0.573309791670294,0.565496953694707,0.755355918188132,0.847171337824302,0.321742971187834,0.0783419225193974,0.0729419510915223
"C4",4,"GBLUP",1,40,800,200,20665009,12.84,0.685617673601732,0.458974186992032,0.369149857706535,0.0391689479088861,0.768021806090984,0.422983638931199,0.488506109761354,0.804169328550832,0.847171337824302,0.321742971187834,0.161553664222569,0.137231215804198
"C4",4,"MARS",100,4010,800,200,20665208,42.41,0.564104558069335,0.528500619360501,0.422033622004321,0.0346719496160683,0.666053302639624,0.234927474433156,0.449612997487256,0.823830925245718,0.564104558069335,0.528500619360501,0,0
"C4",4,"MARS",50,2005,800,200,20665158,11.03,0.564104558069335,0.528500619360501,0.422033622004321,0.0346719496160683,0.666053302639624,0.234927474433156,0.449612997487256,0.823830925245718,0.564104558069335,0.528500619360501,0,0
"C4",4,"MARS",25,1003,800,200,20665133,3.05,0.564104558069335,0.528500619360501,0.422033622004321,0.0346719496160683,0.666053302639624,0.234927474433156,0.449612997487256,0.823830925245718,0.564104558069335,0.528500619360501,0,0
"C4",4,"MARS",10,401,800,200,20665118,0.680000000000007,0.564104558069335,0.528500619360501,0.422033622004321,0.0346719496160683,0.666053302639624,0.234927474433156,0.449612997487256,0.823830925245718,0.564104558069335,0.528500619360501,0,0
"C4",4,"MARS",5,201,800,200,20665113,0.280000000000001,0.564104558069335,0.528500619360501,0.422033622004321,0.0346719496160683,0.666053302639624,0.234927474433156,0.449612997487256,0.823830925245718,0.564104558069335,0.528500619360501,0,0
"C4",4,"MARS",1,40,800,200,20665109,0.0699999999999932,0.564104558069335,0.528500619360501,0.422033622004321,0.0346719496160683,0.666053302639624,0.234927474433156,0.449612997487256,0.823830925245718,0.564104558069335,0.528500619360501,0,0
"C4",4,"TREE",100,4010,800,200,20665308,11.02,0.403754713418003,0.653125295130098,0.50992101567983,-0.0114656699374139,0.412347430161459,-0.168435149591733,0.283488495085867,0.939352085881908,0.403754713418003,0.653125295130098,0,0
"C4",4,"TREE",50,2005,800,200,20665258,4.5,0.403754713418008,0.653125295130096,0.509921015679828,-0.0114656699374197,0.412347430161464,-0.168435149591725,0.283488495085866,0.939352085881908,0.403754713418003,0.653125295130098,-5.05151476204446e-15,-2.33146835171283e-15
"C4",4,"TREE",25,1003,800,200,20665233,1.81,0.403754713418008,0.653125295130096,0.509921015679828,-0.0114656699374197,0.412347430161464,-0.168435149591725,0.283488495085866,0.939352085881908,0.403754713418003,0.653125295130098,-5.05151476204446e-15,-2.33146835171283e-15
"C4",4,"TREE",10,401,800,200,20665218,0.59,0.403754713418008,0.653125295130096,0.509921015679828,-0.0114656699374197,0.412347430161464,-0.168435149591725,0.283488495085866,0.939352085881908,0.403754713418003,0.653125295130098,-5.05151476204446e-15,-2.33146835171283e-15
"C4",4,"TREE",5,201,800,200,20665213,0.309999999999999,0.403754713418008,0.653125295130096,0.509921015679828,-0.0114656699374197,0.412347430161464,-0.168435149591725,0.283488495085866,0.939352085881908,0.403754713418003,0.653125295130098,-5.05151476204446e-15,-2.33146835171283e-15
"C4",4,"TREE",1,40,800,200,20665209,0.0500000000000007,0.35842203810353,0.579138870657943,0.464569878447536,0.0353637184646748,0.63148954331462,0.0812929799320932,0.226913355400228,0.901787010957825,0.403754713418003,0.653125295130098,0.0453326753144722,-0.0739864244721552
"C4",4,"BAGGING",100,4010,800,200,20665408,560.14,0.825299796135288,0.385298809965043,0.311031151983331,0.0216169282166762,1.55356291120615,0.593362955260555,0.62204721544257,0.75861454619532,0.825299796135288,0.385298809965043,0,0
"C4",4,"BAGGING",50,2005,800,200,20665358,270.24,0.825560747103647,0.38751162735235,0.310688702883329,0.0241081038833303,1.57719715476478,0.588678812106182,0.617885244962742,0.76174235530639,0.825299796135288,0.385298809965043,-0.000260950968358875,0.00221281738730744
"C4",4,"BAGGING",25,1003,800,200,20665333,135.87,0.831895733202423,0.378844606722821,0.306268883099993,0.0159617225666702,1.53701699263333,0.606872139298966,0.626287991473289,0.755031831525009,0.825299796135288,0.385298809965043,-0.00659593706713513,-0.0064542032422214
"C4",4,"BAGGING",10,401,800,200,20665318,54.9400000000001,0.824565756649895,0.380547622883542,0.306268697016671,0.0246764186499992,1.4968509204952,0.603329748074678,0.607583413504245,0.7606153451075,0.825299796135288,0.385298809965043,0.000734039485393523,-0.00475118708150069
"C4",4,"BAGGING",5,201,800,200,20665313,28.3099999999999,0.805866400110249,0.38314280448974,0.305577431733339,0.0211438875666619,1.38560054219352,0.597901037274272,0.583035120809118,0.765769741030682,0.825299796135288,0.385298809965043,0.0194333960250386,-0.0021560054753032
"C4",4,"BAGGING",1,40,800,200,20665309,6.25,0.68812403882799,0.439581824323741,0.354399436366673,0.0110350552666666,1.07781139304102,0.470713204740768,0.49523684127123,0.798295261868891,0.825299796135288,0.385298809965043,0.137175757307298,0.0542830143586987
"C4",4,"RF",100,4010,800,200,20665508,209.7,0.832832997853748,0.38463799859533,0.309982665766667,0.016469388433341,1.60281691955884,0.594756574696045,0.622179450579566,0.760943079482277,0.832832997853748,0.38463799859533,0,0
"C4",4,"RF",50,2005,800,200,20665458,104.4,0.826332262552607,0.388123380545794,0.313004257550009,0.0319930135166676,1.58313226589898,0.587379105720325,0.624841381490945,0.759412674409858,0.832832997853748,0.38463799859533,0.00650073530114104,0.00348538195046366
"C4",4,"RF",25,1003,800,200,20665433,53.8,0.82880867020845,0.383433262750602,0.310009087016663,0.0212630249500126,1.5593855726581,0.597291148564048,0.623514423236215,0.7579952531926,0.832832997853748,0.38463799859533,0.00402432764529814,-0.00120473584472836
"C4",4,"RF",10,401,800,200,20665418,23.22,0.810729382219861,0.388128809005836,0.311897073333336,0.0231429320999994,1.47645698855531,0.587367563454059,0.608690732637504,0.760491444784458,0.832832997853748,0.38463799859533,0.0221036156338874,0.00349081041050553
"C4",4,"RF",5,201,800,200,20665413,12.38,0.786765654703812,0.399958297465381,0.324783664216663,0.0200393641833355,1.43054137612908,0.561831626800482,0.583505952763408,0.770364523144104,0.832832997853748,0.38463799859533,0.0460673431499359,0.0153202988700506
"C4",4,"RF",1,40,800,200,20665409,3,0.67387746967039,0.448291980659978,0.355579602683328,-0.0127448646499857,1.10550115138079,0.449530139762365,0.495571592941721,0.800627692592709,0.832832997853748,0.38463799859533,0.158955528183359,0.0636539820646477
"C4",4,"BOOSTING",100,4010,800,200,20665608,40.66,0.81988907828741,0.392214667752513,0.316605096303817,-0.00219785707415241,1.59512774837956,0.578634215616985,0.618797922037114,0.763817515228945,0.81988907828741,0.392214667752513,0,0
"C4",4,"BOOSTING",50,2005,800,200,20665558,21.78,0.813391994729524,0.394989587708474,0.31732995303059,0.00341271889547713,1.57881642451395,0.572650795483441,0.625032577488496,0.761056166286099,0.81988907828741,0.392214667752513,0.00649708355788647,0.00277491995596174
"C4",4,"BOOSTING",25,1003,800,200,20665533,10.38,0.815136630837772,0.394358382351186,0.31764151391415,-0.00158960848105103,1.58454738465687,0.574015538176789,0.614731721866591,0.765220948581571,0.81988907828741,0.392214667752513,0.0047524474496381,0.00214371459867368
"C4",4,"BOOSTING",10,401,800,200,20665518,4.06999999999999,0.797839602753978,0.401430412193585,0.324418926769548,0.00241112228356343,1.53822139327262,0.558600183928795,0.606704079763157,0.76725182401698,0.81988907828741,0.392214667752513,0.0220494755334324,0.00921574444107276
"C4",4,"BOOSTING",5,201,800,200,20665513,2.11999999999999,0.792358815127293,0.401142793005955,0.322953417445735,-0.00172586330396747,1.49372488936706,0.559232470730774,0.614812550751136,0.762061243284695,0.81988907828741,0.392214667752513,0.0275302631601171,0.00892812525344244
"C4",4,"BOOSTING",1,40,800,200,20665509,0.389999999999986,0.742282015134231,0.422274711355338,0.333734640719203,0.0151959566685477,1.36109356379043,0.511570650509813,0.564310107736594,0.778627774261199,0.81988907828741,0.392214667752513,0.0776070631531793,0.0300600436028253
"C4",5,"GBLUP",100,4010,800,200,20666108,18.01,0.826163712522241,0.316914908285667,0.245814962230965,-0.00247428029145375,0.932042237096237,0.678898306195408,0.534759613967008,0.687436652888809,0.826163712522241,0.316914908285667,0,0
"C4",5,"GBLUP",50,2005,800,200,20666058,17.82,0.814895799316119,0.330399188688329,0.257739279975798,0.00206929271693767,0.877053022598245,0.65099214509442,0.52967473719165,0.693205619989294,0.826163712522241,0.316914908285667,0.0112679132061216,0.013484280402662
"C4",5,"GBLUP",25,1003,800,200,20666033,14.78,0.813258052007842,0.335329805336439,0.262866987784746,0.000538260269372586,0.849097076678809,0.640497784889963,0.526572704030838,0.697381266637174,0.826163712522241,0.316914908285667,0.0129056605143988,0.0184148970507717
"C4",5,"GBLUP",10,401,800,200,20666018,17.75,0.795367489419618,0.355215217605811,0.2760905034355,-0.00692851751597182,0.807696802539254,0.596595830339308,0.514964040223541,0.707146361401892,0.826163712522241,0.316914908285667,0.030796223102623,0.0383003093201441
"C4",5,"GBLUP",5,201,800,200,20666013,16.91,0.740826763848924,0.400513332900932,0.315654401355936,-0.00971194007326488,0.749396856060862,0.487148992210226,0.471572449754669,0.734485140030572,0.826163712522241,0.316914908285667,0.0853369486733166,0.0835984246152645
"C4",5,"GBLUP",1,40,800,200,20666009,14.17,0.565244494121997,0.473715892333387,0.37326386547007,0.0296647804315914,0.753643523325268,0.282547477937887,0.383376000733709,0.757283000736161,0.826163712522241,0.316914908285667,0.260919218400244,0.15680098404772
"C4",5,"MARS",100,4010,800,200,20666208,43.5,0.604132556842792,0.474261016462357,0.381183446152577,0.0147214516496125,0.676594275023869,0.280895324336021,0.422576327289525,0.751319442278144,0.604132556842792,0.474261016462357,0,0
"C4",5,"MARS",50,2005,800,200,20666158,10.87,0.604132556842792,0.474261016462357,0.381183446152577,0.0147214516496125,0.676594275023869,0.280895324336021,0.422576327289525,0.751319442278144,0.604132556842792,0.474261016462357,0,0
"C4",5,"MARS",25,1003,800,200,20666133,3.33000000000001,0.604132556842792,0.474261016462357,0.381183446152577,0.0147214516496125,0.676594275023869,0.280895324336021,0.422576327289525,0.751319442278144,0.604132556842792,0.474261016462357,0,0
"C4",5,"MARS",10,401,800,200,20666118,0.739999999999995,0.604132556842792,0.474261016462357,0.381183446152577,0.0147214516496125,0.676594275023869,0.280895324336021,0.422576327289525,0.751319442278144,0.604132556842792,0.474261016462357,0,0
"C4",5,"MARS",5,201,800,200,20666113,0.290000000000006,0.604132556842792,0.474261016462357,0.381183446152577,0.0147214516496125,0.676594275023869,0.280895324336021,0.422576327289525,0.751319442278144,0.604132556842792,0.474261016462357,0,0
"C4",5,"MARS",1,40,800,200,20666109,0.0500000000000114,0.604132556842792,0.474261016462357,0.381183446152577,0.0147214516496125,0.676594275023869,0.280895324336021,0.422576327289525,0.751319442278144,0.604132556842792,0.474261016462357,0,0
"C4",5,"TREE",100,4010,800,200,20666308,10.72,0.403734686654274,0.592509713690612,0.472734711987202,-0.00382632481507478,0.430456474931239,-0.122401416955161,0.294526801836396,0.825306314692915,0.403734686654274,0.592509713690612,0,0
"C4",5,"TREE",50,2005,800,200,20666258,4.4,0.424361700139111,0.582071879195869,0.463772929519664,-0.00313767871119438,0.452678331677823,-0.0832045952049705,0.284595089576408,0.830318290293488,0.403734686654274,0.592509713690612,-0.0206270134848374,-0.0104378344947428
"C4",5,"TREE",25,1003,800,200,20666233,1.97,0.424361700139111,0.582071879195869,0.463772929519664,-0.00313767871119438,0.452678331677823,-0.0832045952049705,0.284595089576408,0.830318290293488,0.403734686654274,0.592509713690612,-0.0206270134848374,-0.0104378344947428
"C4",5,"TREE",10,401,800,200,20666218,0.68,0.424361700139111,0.582071879195869,0.463772929519664,-0.00313767871119438,0.452678331677823,-0.0832045952049705,0.284595089576408,0.830318290293488,0.403734686654274,0.592509713690612,-0.0206270134848374,-0.0104378344947428
"C4",5,"TREE",5,201,800,200,20666213,0.27,0.424361700139111,0.582071879195869,0.463772929519664,-0.00313767871119438,0.452678331677823,-0.0832045952049705,0.284595089576408,0.830318290293488,0.403734686654274,0.592509713690612,-0.0206270134848374,-0.0104378344947428
"C4",5,"TREE",1,40,800,200,20666209,0.0500000000000007,0.34594191426386,0.550578106576003,0.438183363749534,-0.0196694446203654,0.538924461080407,0.0308407774181909,0.224815154818597,0.808908809614183,0.403734686654274,0.592509713690612,0.0577927723904141,-0.041931607114609
"C4",5,"BAGGING",100,4010,800,200,20666408,563.93,0.818694723881515,0.352978497078947,0.279524404433336,0.0270461430000005,1.45862035354682,0.601660149274868,0.543417138956079,0.692832447937637,0.818694723881515,0.352978497078947,0,0
"C4",5,"BAGGING",50,2005,800,200,20666358,273.39,0.820332512266793,0.350295891837243,0.275542274300001,0.0266288624999895,1.44079423017188,0.607691836707418,0.535134622733712,0.695078859947763,0.818694723881515,0.352978497078947,-0.00163778838527795,-0.00268260524170422
"C4",5,"BAGGING",25,1003,800,200,20666333,136.86,0.815457114792269,0.349789748642468,0.277934322616669,0.0242389614166834,1.3999170387825,0.608824711279472,0.538527554333439,0.692473206135538,0.818694723881515,0.352978497078947,0.00323760908924597,-0.00318874843647926
"C4",5,"BAGGING",10,401,800,200,20666318,55.7700000000001,0.817001845388185,0.345818075437424,0.269780191850001,0.0261327383833267,1.36460296198246,0.617657446712036,0.5570679683295,0.683877854404855,0.818694723881515,0.352978497078947,0.00169287849333011,-0.00716042164152264
"C4",5,"BAGGING",5,201,800,200,20666313,28.6399999999999,0.785568927375457,0.362231872532709,0.289354599516662,0.0194470146499976,1.31498302483017,0.580501339043177,0.532187492221298,0.693425417123186,0.818694723881515,0.352978497078947,0.0331257965060581,0.0092533754537622
"C4",5,"BAGGING",1,40,800,200,20666309,6.47000000000003,0.700775984378895,0.399985621801223,0.312802951533332,0.021101512166671,1.05117306038673,0.488499553368135,0.462311567737709,0.719128500119335,0.818694723881515,0.352978497078947,0.11791873950262,0.047007124722276
"C4",5,"RF",100,4010,800,200,20666508,210.02,0.822960901328116,0.350386393165311,0.275152321566668,0.0314426775000014,1.45692235792305,0.607489099552799,0.54259721443149,0.693045914602326,0.822960901328116,0.350386393165311,0,0
"C4",5,"RF",50,2005,800,200,20666458,102.62,0.816940761101812,0.353462638350638,0.281066496783327,0.0270246457833281,1.4510729854151,0.6005666831243,0.540852766293611,0.693601063138077,0.822960901328116,0.350386393165311,0.00602014022630393,0.0030762451853269
"C4",5,"RF",25,1003,800,200,20666433,53.1,0.804433849080257,0.355916751571976,0.2821619818,0.0282588382333361,1.38263213648896,0.595000846955345,0.527494831103909,0.696952193399072,0.822960901328116,0.350386393165311,0.0185270522478587,0.00553035840666533
"C4",5,"RF",10,401,800,200,20666418,22.39,0.807200941784625,0.35234520259929,0.277399285400004,0.0271478456000078,1.36253770071069,0.603088225655422,0.537473878867986,0.69218451417708,0.822960901328116,0.350386393165311,0.0157599595434911,0.0019588094339793
"C4",5,"RF",5,201,800,200,20666413,12.58,0.78179702250027,0.360447048586324,0.28389881348333,0.0210955977500134,1.25452392349554,0.584625143167701,0.511352948046841,0.700089948754475,0.822960901328116,0.350386393165311,0.0411638788278453,0.0100606554210139
"C4",5,"RF",1,40,800,200,20666409,2.98000000000002,0.703950082368582,0.39726664177041,0.319493242533334,0.000254100633336876,1.01550672840543,0.495429965090701,0.447132701112655,0.725142411288722,0.822960901328116,0.350386393165311,0.119010818959533,0.0468802486050992
"C4",5,"BOOSTING",100,4010,800,200,20666608,41.31,0.82905701101172,0.351736899110146,0.280972570806294,0.0088530346213971,1.53073495699232,0.604457532783484,0.545572896630747,0.693328771424045,0.82905701101172,0.351736899110146,0,0
"C4",5,"BOOSTING",50,2005,800,200,20666558,22.11,0.821456759004628,0.354106970331864,0.280069174092354,0.00523021900414719,1.50309025895719,0.599109090654645,0.540232285270293,0.69458139248732,0.82905701101172,0.351736899110146,0.00760025200709202,0.0023700712217179
"C4",5,"BOOSTING",25,1003,800,200,20666533,10.52,0.814955757437356,0.355601255804095,0.28128060632739,0.00925119702977376,1.47135887198583,0.595718536617906,0.523989342976237,0.699780866315568,0.82905701101172,0.351736899110146,0.0141012535743639,0.0038643566939493
"C4",5,"BOOSTING",10,401,800,200,20666518,4.05,0.810649194614825,0.356733695979677,0.284302650018302,0.00470275562928634,1.453344578376,0.593139504327804,0.534122727258973,0.695620188342262,0.82905701101172,0.351736899110146,0.0184078163968954,0.00499679686953042
"C4",5,"BOOSTING",5,201,800,200,20666513,2,0.79945062467587,0.362481313207441,0.291373769913253,0.010942161264576,1.43545377556583,0.579923388477998,0.519488188183193,0.701182320536811,0.82905701101172,0.351736899110146,0.0296063863358499,0.0107444140972952
"C4",5,"BOOSTING",1,40,800,200,20666509,0.420000000000002,0.727628102121552,0.393163469371796,0.317105431594901,0.00658340128712915,1.26695043332301,0.505799051600973,0.473284830686758,0.71656941577154,0.82905701101172,0.351736899110146,0.101428908890168,0.0414265702616496
"C5",1,"GBLUP",100,4010,800,200,20762108,21.15,0.835451433428081,0.252890208431435,0.201179727043017,-0.022298205484538,1.01353283792399,0.695487209206037,0.3850855153803,0.806470429486295,0.835451433428081,0.252890208431435,0,0
"C5",1,"GBLUP",50,2005,800,200,20762058,18.45,0.818614462183039,0.265494413671199,0.210999353097415,-0.0199365952532004,0.929453935074621,0.664376559074445,0.378051776224712,0.811188584103025,0.835451433428081,0.252890208431435,0.0168369712450427,0.0126042052397647
"C5",1,"GBLUP",25,1003,800,200,20762033,17.17,0.832262979419376,0.257143026417625,0.203210568124656,-0.0172798089213275,0.914331513068362,0.68515919602931,0.380610467295292,0.81128366406703,0.835451433428081,0.252890208431435,0.00318845400870582,0.00425281798619032
"C5",1,"GBLUP",10,401,800,200,20762018,15.06,0.827803902891218,0.262314863343401,0.208088881055062,-0.00263983820443187,0.879518846643844,0.672367248177382,0.37742422683057,0.813955587310395,0.835451433428081,0.252890208431435,0.00764753053686307,0.00942465491196665
"C5",1,"GBLUP",5,201,800,200,20762013,14.45,0.791342004289528,0.289059472175952,0.232157202502707,-0.00791273502845307,0.83693829779892,0.602153152221451,0.361145739735899,0.821842930028061,0.835451433428081,0.252890208431435,0.0441094291385535,0.0361692637445168
"C5",1,"GBLUP",1,40,800,200,20762009,13.3,0.599135710851837,0.38880603852378,0.31270353699154,-0.0144763426526937,0.682396254945332,0.280207174737363,0.256391185851643,0.861896203711966,0.835451433428081,0.252890208431435,0.236315722576244,0.135915830092345
"C5",1,"MARS",100,4010,800,200,20762208,42.64,0.630074711954999,0.378878232676041,0.308944559340479,-0.0276743206107606,0.694454055826855,0.316496377617606,0.277115571697961,0.856578555362668,0.630074711954999,0.378878232676041,0,0
"C5",1,"MARS",50,2005,800,200,20762158,10.7,0.630074711954999,0.378878232676041,0.308944559340479,-0.0276743206107606,0.694454055826855,0.316496377617606,0.277115571697961,0.856578555362668,0.630074711954999,0.378878232676041,0,0
"C5",1,"MARS",25,1003,800,200,20762133,3.44,0.630074711954999,0.378878232676041,0.308944559340479,-0.0276743206107606,0.694454055826855,0.316496377617606,0.277115571697961,0.856578555362668,0.630074711954999,0.378878232676041,0,0
"C5",1,"MARS",10,401,800,200,20762118,0.719999999999999,0.630074711954999,0.378878232676041,0.308944559340479,-0.0276743206107606,0.694454055826855,0.316496377617606,0.277115571697961,0.856578555362668,0.630074711954999,0.378878232676041,0,0
"C5",1,"MARS",5,201,800,200,20762113,0.310000000000002,0.630074711954999,0.378878232676041,0.308944559340479,-0.0276743206107606,0.694454055826855,0.316496377617606,0.277115571697961,0.856578555362668,0.630074711954999,0.378878232676041,0,0
"C5",1,"MARS",1,40,800,200,20762109,0.0600000000000023,0.630074711954999,0.378878232676041,0.308944559340479,-0.0276743206107606,0.694454055826855,0.316496377617606,0.277115571697961,0.856578555362668,0.630074711954999,0.378878232676041,0,0
"C5",1,"TREE",100,4010,800,200,20762308,10.8,0.273336854550326,0.563662745265517,0.451199450107893,-0.00653307037162271,0.262900945014781,-0.512795325128585,0.0929341824417637,0.954089743216541,0.273336854550326,0.563662745265517,0,0
"C5",1,"TREE",50,2005,800,200,20762258,4.6,0.273336854550328,0.563662745265518,0.451199450107896,-0.00653307037163735,0.262900945014779,-0.512795325128593,0.092934182441762,0.954089743216543,0.273336854550326,0.563662745265517,-1.4432899320127e-15,1.4432899320127e-15
"C5",1,"TREE",25,1003,800,200,20762233,1.97,0.273336854550328,0.563662745265518,0.451199450107896,-0.00653307037163735,0.262900945014779,-0.512795325128593,0.092934182441762,0.954089743216543,0.273336854550326,0.563662745265517,-1.4432899320127e-15,1.4432899320127e-15
"C5",1,"TREE",10,401,800,200,20762218,0.66,0.273336854550328,0.563662745265518,0.451199450107896,-0.00653307037163735,0.262900945014779,-0.512795325128593,0.092934182441762,0.954089743216543,0.273336854550326,0.563662745265517,-1.4432899320127e-15,1.4432899320127e-15
"C5",1,"TREE",5,201,800,200,20762213,0.309999999999999,0.273336854550328,0.563662745265518,0.451199450107896,-0.00653307037163735,0.262900945014779,-0.512795325128593,0.092934182441762,0.954089743216543,0.273336854550326,0.563662745265517,-1.4432899320127e-15,1.4432899320127e-15
"C5",1,"TREE",1,40,800,200,20762209,0.0500000000000007,0.368639019218135,0.466751249808567,0.377380359921423,-0.065373177932849,0.485294735396219,-0.0373193752663883,0.148298343680684,0.892982803544193,0.273336854550326,0.563662745265517,-0.095302164667809,-0.0969114954569497
"C5",1,"BAGGING",100,4010,800,200,20762408,565.21,0.835566132388707,0.283852976264714,0.232233341716666,-0.0200991276500331,1.51119978208066,0.616355995710716,0.400550208643075,0.805248015636726,0.835566132388707,0.283852976264714,0,0
"C5",1,"BAGGING",50,2005,800,200,20762358,276.33,0.808361160108313,0.293319138036151,0.237212606133337,-0.0145485692000214,1.44565786932002,0.59034117883853,0.381805361271751,0.80988962318158,0.835566132388707,0.283852976264714,0.0272049722803936,0.00946616177143689
"C5",1,"BAGGING",25,1003,800,200,20762333,136.45,0.806833874035381,0.293237019719513,0.239933349933332,-0.0160366238333457,1.43169260252311,0.590570524826514,0.356069474167988,0.816878948448073,0.835566132388707,0.283852976264714,0.0287322583533263,0.00938404345479932
"C5",1,"BAGGING",10,401,800,200,20762318,54.86,0.780394301119564,0.299305012432821,0.245548439599995,-0.0159324840000145,1.31149846920597,0.573450447420236,0.336786970682378,0.821678978619985,0.835566132388707,0.283852976264714,0.0551718312691434,0.0154520361681077
"C5",1,"BAGGING",5,201,800,200,20762313,28,0.737031022140412,0.314830107675219,0.256664386083337,-0.00760012845001739,1.19839241617607,0.528052134116706,0.319826664525551,0.826303352483117,0.835566132388707,0.283852976264714,0.0985351102482949,0.0309771314105048
"C5",1,"BAGGING",1,40,800,200,20762309,6.13999999999987,0.630331291573325,0.357788044442814,0.292002924183332,-0.0189421460500026,0.897907915373845,0.39047270319218,0.272663144698107,0.84360064292165,0.835566132388707,0.283852976264714,0.205234840815381,0.0739350681780999
"C5",1,"RF",100,4010,800,200,20762508,208.57,0.817087880758036,0.288896931457089,0.232591241350004,-0.0113502289833568,1.45059072835215,0.60260045208626,0.372771213038367,0.8121178081297,0.817087880758036,0.288896931457089,0,0
"C5",1,"RF",50,2005,800,200,20762458,103.16,0.820468086130275,0.28673783450887,0.234245561183332,-0.0160306974833378,1.44290372912635,0.608518257352348,0.372292208082193,0.812208475950145,0.817087880758036,0.288896931457089,-0.00338020537223904,-0.00215909694821831
"C5",1,"RF",25,1003,800,200,20762433,53.36,0.802071282350293,0.292968787571683,0.239638450850004,-0.0104777182500221,1.39445265995809,0.591319215553985,0.36996485110486,0.812455146065439,0.817087880758036,0.288896931457089,0.0150165984077437,0.00407185611459382
"C5",1,"RF",10,401,800,200,20762418,24,0.795827666693395,0.294098439827574,0.237195470983331,-0.0215239854499962,1.35224040145464,0.588161491891043,0.356372883024122,0.81635508521171,0.817087880758036,0.288896931457089,0.0212602140646417,0.00520150837048489
"C5",1,"RF",5,201,800,200,20762413,13.11,0.79536313151108,0.294289316428649,0.238660029849994,-0.0174109602500128,1.3556117019145,0.587626733225769,0.346045671600988,0.81919338285015,0.817087880758036,0.288896931457089,0.0217247492469561,0.00539238497156042
"C5",1,"RF",1,40,800,200,20762409,3.06999999999999,0.676677747782645,0.338048869870809,0.275902227299999,-0.0169358006666671,1.03928779946547,0.455872735542485,0.241111598662678,0.851221699221777,0.817087880758036,0.288896931457089,0.140410132975392,0.0491519384137198
"C5",1,"BOOSTING",100,4010,800,200,20762608,40.82,0.824408905145201,0.281993583498483,0.226102792681623,-0.0302057205350685,1.39220885224496,0.621365691191126,0.388506032898788,0.807325272543007,0.824408905145201,0.281993583498483,0,0
"C5",1,"BOOSTING",50,2005,800,200,20762558,21.9,0.826304100337157,0.281252713607328,0.226764709245411,-0.0296262405473257,1.3975354199804,0.623352617688571,0.391763142110023,0.80637529360432,0.824408905145201,0.281993583498483,-0.00189519519195647,-0.000740869891155294
"C5",1,"BOOSTING",25,1003,800,200,20762533,10.44,0.82501616044988,0.281069537621827,0.226012760871198,-0.0295541148060058,1.38527584823364,0.623843068340904,0.404522804034403,0.802426385624825,0.824408905145201,0.281993583498483,-0.000607255304679755,-0.00092404587665601
"C5",1,"BOOSTING",10,401,800,200,20762518,4.22,0.81696040493234,0.282662652738468,0.228266097281405,-0.0350820740300127,1.33484146709898,0.619566833929434,0.392379809515292,0.805718693136775,0.824408905145201,0.281993583498483,0.0074485002128607,0.000669069239984998
"C5",1,"BOOSTING",5,201,800,200,20762513,2.08,0.809520153704328,0.286001139457944,0.231617859189793,-0.0335984367546917,1.32496663880471,0.610527285401562,0.377361991940058,0.810205824561513,0.824408905145201,0.281993583498483,0.014888751440873,0.00400755595946078
"C5",1,"BOOSTING",1,40,800,200,20762509,0.430000000000007,0.733768846662543,0.316952959162198,0.254699374982765,-0.0317925652891705,1.1749543353199,0.521666131314354,0.319403201319082,0.827418847177698,0.824408905145201,0.281993583498483,0.0906400584826571,0.0349593756637148
"C5",2,"GBLUP",100,4010,800,200,20763108,18.3,0.876917535207162,0.248534029084215,0.201509939116364,0.028755642306751,1.10371265545692,0.758967742932185,0.506015581068718,0.760234882250331,0.876917535207162,0.248534029084215,0,0
"C5",2,"GBLUP",50,2005,800,200,20763058,15.42,0.866051995268722,0.255133963735956,0.205552305666695,0.0306682005179912,1.02301492976549,0.7459963255056,0.505170071272907,0.759757842579488,0.876917535207162,0.248534029084215,0.0108655399384405,0.00659993465174114
"C5",2,"GBLUP",25,1003,800,200,20763033,15.03,0.851604449275206,0.267457833384185,0.214464784261692,0.0313763702032128,0.973837429926665,0.720865131003882,0.499876046951736,0.762355135499889,0.876917535207162,0.248534029084215,0.0253130859319562,0.0189238042999698
"C5",2,"GBLUP",10,401,800,200,20763018,13.2,0.846469315478799,0.272541280922393,0.21530114246253,0.0287680705307056,0.938028263250393,0.710153518828068,0.494302537711784,0.765322395568291,0.876917535207162,0.248534029084215,0.0304482197283636,0.0240072518381781
"C5",2,"GBLUP",5,201,800,200,20763013,14.89,0.827351485171233,0.288419435402561,0.22880101518083,0.032563418689278,0.921439492385821,0.675397028236542,0.475982739295688,0.774987492050925,0.876917535207162,0.248534029084215,0.0495660500359295,0.0398854063183464
"C5",2,"GBLUP",1,40,800,200,20763009,15.14,0.602213848676469,0.416282150069917,0.329572173176838,0.025044248456546,0.759360252320028,0.323793992479534,0.380681909565313,0.816156075383006,0.876917535207162,0.248534029084215,0.274703686530693,0.167748120985703
"C5",2,"MARS",100,4010,800,200,20763208,42.5,0.584974628103406,0.441178053843674,0.354907267256246,0.0546193063484075,0.660932266235867,0.240493932065687,0.366133280827535,0.830229482593651,0.584974628103406,0.441178053843674,0,0
"C5",2,"MARS",50,2005,800,200,20763158,10.99,0.584974628103406,0.441178053843674,0.354907267256246,0.0546193063484075,0.660932266235867,0.240493932065687,0.366133280827535,0.830229482593651,0.584974628103406,0.441178053843674,0,0
"C5",2,"MARS",25,1003,800,200,20763133,3.03,0.584974628103406,0.441178053843674,0.354907267256246,0.0546193063484075,0.660932266235867,0.240493932065687,0.366133280827535,0.830229482593651,0.584974628103406,0.441178053843674,0,0
"C5",2,"MARS",10,401,800,200,20763118,0.75,0.584974628103406,0.441178053843674,0.354907267256246,0.0546193063484075,0.660932266235867,0.240493932065687,0.366133280827535,0.830229482593651,0.584974628103406,0.441178053843674,0,0
"C5",2,"MARS",5,201,800,200,20763113,0.280000000000001,0.584974628103406,0.441178053843674,0.354907267256246,0.0546193063484075,0.660932266235867,0.240493932065687,0.366133280827535,0.830229482593651,0.584974628103406,0.441178053843674,0,0
"C5",2,"MARS",1,40,800,200,20763109,0.0600000000000023,0.584974628103406,0.441178053843674,0.354907267256246,0.0546193063484075,0.660932266235867,0.240493932065687,0.366133280827535,0.830229482593651,0.584974628103406,0.441178053843674,0,0
"C5",2,"TREE",100,4010,800,200,20763308,10.64,0.385480325880965,0.559478067401164,0.449527999302224,0.0551456953367292,0.391769761638272,-0.22143280175241,0.140335166206653,0.949803772789636,0.385480325880965,0.559478067401164,0,0
"C5",2,"TREE",50,2005,800,200,20763258,4.56,0.385480325880968,0.559478067401163,0.449527999302225,0.0551456953367138,0.391769761638279,-0.221432801752406,0.140335166206659,0.949803772789633,0.385480325880965,0.559478067401164,-2.44249065417534e-15,-8.88178419700125e-16
"C5",2,"TREE",25,1003,800,200,20763233,1.97,0.385480325880968,0.559478067401163,0.449527999302225,0.0551456953367138,0.391769761638279,-0.221432801752406,0.140335166206659,0.949803772789633,0.385480325880965,0.559478067401164,-2.44249065417534e-15,-8.88178419700125e-16
"C5",2,"TREE",10,401,800,200,20763218,0.620000000000001,0.385480325880968,0.559478067401163,0.449527999302225,0.0551456953367138,0.391769761638279,-0.221432801752406,0.140335166206659,0.949803772789633,0.385480325880965,0.559478067401164,-2.44249065417534e-15,-8.88178419700125e-16
"C5",2,"TREE",5,201,800,200,20763213,0.32,0.385480325880968,0.559478067401163,0.449527999302225,0.0551456953367138,0.391769761638279,-0.221432801752406,0.140335166206659,0.949803772789633,0.385480325880965,0.559478067401164,-2.44249065417534e-15,-8.88178419700125e-16
"C5",2,"TREE",1,40,800,200,20763209,0.0700000000000003,0.22415140812056,0.518385069484868,0.416310982847643,0.0538212225228492,0.431045613382853,-0.0485965289805408,0.146423839174915,0.882171004371251,0.385480325880965,0.559478067401164,0.161328917760406,-0.0410929979162957
"C5",2,"BAGGING",100,4010,800,200,20763408,563.87,0.798853883767704,0.325662824009385,0.264343321916663,0.0368225957166577,1.37095823741417,0.586152995600737,0.394577077321494,0.810602933330451,0.798853883767704,0.325662824009385,0,0
"C5",2,"BAGGING",50,2005,800,200,20763358,275.93,0.813929796282885,0.319084049534792,0.258529652099996,0.0430598192999825,1.39202478641838,0.602704508253692,0.414078429899178,0.804691506243752,0.798853883767704,0.325662824009385,-0.0150759125151809,-0.0065787744745931
"C5",2,"BAGGING",25,1003,800,200,20763333,134.08,0.804425216442646,0.321380485760881,0.262328988916662,0.0419342323166589,1.34879229791104,0.596965287597968,0.396827416236293,0.809802801752907,0.798853883767704,0.325662824009385,-0.00557133267494148,-0.0042823382485041
"C5",2,"BAGGING",10,401,800,200,20763318,56.61,0.800062798767608,0.321143345842597,0.261523882483335,0.0421489405833197,1.30865839195312,0.597559849877731,0.422659045060215,0.800692792909458,0.798853883767704,0.325662824009385,-0.00120891499990372,-0.00451947816678833
"C5",2,"BAGGING",5,201,800,200,20763313,28.8099999999999,0.777174467729109,0.331310818049238,0.268766113733334,0.0430346896333221,1.25604830862312,0.571673760413418,0.396011343532367,0.809586298368321,0.798853883767704,0.325662824009385,0.021679416038595,0.00564799403985339
"C5",2,"BAGGING",1,40,800,200,20763309,6.38999999999987,0.664695280636245,0.378231087429997,0.299200957049996,0.00294388341665432,1.00711666670818,0.441763936658729,0.375625461340519,0.814407997001162,0.798853883767704,0.325662824009385,0.13415860313146,0.0525682634206122
"C5",2,"RF",100,4010,800,200,20763508,210.55,0.811372277167822,0.31817971429057,0.257167696316663,0.0351542666833173,1.37280315882039,0.604953314960244,0.415901057064469,0.803290441221737,0.811372277167822,0.31817971429057,0,0
"C5",2,"RF",50,2005,800,200,20763458,105.78,0.806490845912049,0.319289896089453,0.260656026399996,0.036274329033329,1.34665941414402,0.602191738732757,0.408324271359956,0.805553995208236,0.811372277167822,0.31817971429057,0.00488143125577256,0.00111018179888295
"C5",2,"RF",25,1003,800,200,20763433,53.22,0.803669382048489,0.320375152056615,0.261694516250004,0.0476550381499866,1.31766918404707,0.5994828681911,0.409456925353498,0.805625477176281,0.811372277167822,0.31817971429057,0.00770289511933286,0.00219543776604542
"C5",2,"RF",10,401,800,200,20763418,23.14,0.799781512130645,0.321437915366413,0.262133745549991,0.0447303076833182,1.3054666274907,0.596821232848897,0.414792062015696,0.803506649769513,0.811372277167822,0.31817971429057,0.0115907650371768,0.00325820107584368
"C5",2,"RF",5,201,800,200,20763413,12.84,0.776945342041301,0.330279604343409,0.270436233133329,0.0387500711999942,1.24547306447772,0.574335964420772,0.398552250191993,0.80830772038537,0.811372277167822,0.31817971429057,0.0344269351265204,0.0120998900528395
"C5",2,"RF",1,40,800,200,20763409,3.17000000000002,0.703308513935182,0.362786434316448,0.291112191059519,0.0385489355594995,1.0752253870644,0.486423048575526,0.411688977666624,0.803043343004344,0.811372277167822,0.31817971429057,0.10806376323264,0.0446067200258783
"C5",2,"BOOSTING",100,4010,800,200,20763608,41.06,0.814406120077883,0.315891894506235,0.255468964634177,0.0299387023989267,1.37402050530806,0.610613929280944,0.450734280343291,0.791386904863479,0.814406120077883,0.315891894506235,0,0
"C5",2,"BOOSTING",50,2005,800,200,20763558,21.53,0.809182292135123,0.317907940005244,0.257695745078628,0.0329130367020868,1.35487752689976,0.605627887682605,0.451477148604602,0.791041718003777,0.814406120077883,0.315891894506235,0.00522382794276022,0.00201604549900891
"C5",2,"BOOSTING",25,1003,800,200,20763533,10.4,0.809920162003774,0.317982652078066,0.25644647917301,0.0321483311975841,1.36283060907452,0.605442501811415,0.457915929623541,0.789019980084496,0.814406120077883,0.315891894506235,0.00448595807410834,0.0020907575718303
"C5",2,"BOOSTING",10,401,800,200,20763518,4.06,0.794850833427343,0.321471747215865,0.259880232172067,0.0259187749833106,1.29292968320101,0.596736357975517,0.437925679841281,0.794309270378636,0.814406120077883,0.315891894506235,0.0195552866505401,0.00557985270962991
"C5",2,"BOOSTING",5,201,800,200,20763513,1.97,0.780547570686797,0.329928582200807,0.266004250640242,0.02764287283444,1.29146949130457,0.57524027760967,0.432355992858381,0.79678663856616,0.814406120077883,0.315891894506235,0.0338585493910855,0.0140366876945714
"C5",2,"BOOSTING",1,40,800,200,20763509,0.400000000000006,0.705806069893302,0.362417675753582,0.290428868258783,0.0331772038814714,1.12783998844039,0.487466580686184,0.415702855896425,0.801977449505678,0.814406120077883,0.315891894506235,0.108600050184581,0.0465257812473463
"C5",3,"GBLUP",100,4010,800,200,20764108,18.38,0.860447668503303,0.237965780639991,0.192931917148669,0.0079450948986058,0.950852636982102,0.738100258356436,0.440721403660897,0.732419606032954,0.860447668503303,0.237965780639991,0,0
"C5",3,"GBLUP",50,2005,800,200,20764058,15.61,0.848346955265617,0.253472925914149,0.202315710754014,0.00454457313674112,0.867661057550361,0.7028544671385,0.440336866776559,0.736272949899905,0.860447668503303,0.237965780639991,0.0121007132376856,0.0155071452741581
"C5",3,"GBLUP",25,1003,800,200,20764033,17.6,0.834842003244822,0.270816067331016,0.216260533294486,0.00938446925253238,0.815333539036819,0.660800733917774,0.433977147313758,0.742729159922427,0.860447668503303,0.237965780639991,0.0256056652584804,0.0328502866910252
"C5",3,"GBLUP",10,401,800,200,20764018,12.19,0.822804977353805,0.284519679047814,0.226545470954913,0.00565350209837504,0.78421956555221,0.625604457185982,0.444445236671588,0.739165913346232,0.860447668503303,0.237965780639991,0.037642691149498,0.0465538984078227
"C5",3,"GBLUP",5,201,800,200,20764013,14.93,0.820087179046916,0.280654394414822,0.227252000110354,0.00198158307314252,0.810391241122028,0.635707908678399,0.464110452599375,0.726121001661139,0.860447668503303,0.237965780639991,0.0403604894563867,0.0426886137748306
"C5",3,"GBLUP",1,40,800,200,20764009,14.75,0.640685428444188,0.371466368186587,0.301554271426756,0.00954595809802228,0.744706436436436,0.361817267711962,0.317729445714224,0.783762863373811,0.860447668503303,0.237965780639991,0.219762240059115,0.133500587546596
"C5",3,"MARS",100,4010,800,200,20764208,43.46,0.543410932032376,0.437740290120239,0.349998136671359,0.0420312368804882,0.566199312015409,0.113785008537581,0.283947905361335,0.809533886107506,0.543410932032376,0.437740290120239,0,0
"C5",3,"MARS",50,2005,800,200,20764158,10.86,0.543410932032376,0.437740290120239,0.349998136671359,0.0420312368804882,0.566199312015409,0.113785008537581,0.283947905361335,0.809533886107506,0.543410932032376,0.437740290120239,0,0
"C5",3,"MARS",25,1003,800,200,20764133,3.08000000000001,0.543410932032376,0.437740290120239,0.349998136671359,0.0420312368804882,0.566199312015409,0.113785008537581,0.283947905361335,0.809533886107506,0.543410932032376,0.437740290120239,0,0
"C5",3,"MARS",10,401,800,200,20764118,0.739999999999995,0.543410932032376,0.437740290120239,0.349998136671359,0.0420312368804882,0.566199312015409,0.113785008537581,0.283947905361335,0.809533886107506,0.543410932032376,0.437740290120239,0,0
"C5",3,"MARS",5,201,800,200,20764113,0.299999999999997,0.543410932032376,0.437740290120239,0.349998136671359,0.0420312368804882,0.566199312015409,0.113785008537581,0.283947905361335,0.809533886107506,0.543410932032376,0.437740290120239,0,0
"C5",3,"MARS",1,40,800,200,20764109,0.0499999999999972,0.543410932032376,0.437740290120239,0.349998136671359,0.0420312368804882,0.566199312015409,0.113785008537581,0.283947905361335,0.809533886107506,0.543410932032376,0.437740290120239,0,0
"C5",3,"TREE",100,4010,800,200,20764308,10.79,0.366235199818231,0.542877589482936,0.440316068591317,-0.0204437116410904,0.342286260191015,-0.363044006390828,0.107734264037206,0.90662339042061,0.366235199818231,0.542877589482936,0,0
"C5",3,"TREE",50,2005,800,200,20764258,4.36,0.362127803413326,0.544078353692011,0.441882360257987,-0.0246101699744201,0.339260017158458,-0.369080374632776,0.106548265683092,0.906743001591136,0.366235199818231,0.542877589482936,0.00410739640490571,0.00120076420907544
"C5",3,"TREE",25,1003,800,200,20764233,2.04,0.362127803413326,0.544078353692011,0.441882360257987,-0.0246101699744201,0.339260017158458,-0.369080374632776,0.106548265683092,0.906743001591136,0.366235199818231,0.542877589482936,0.00410739640490571,0.00120076420907544
"C5",3,"TREE",10,401,800,200,20764218,0.710000000000001,0.362127803413326,0.544078353692011,0.441882360257987,-0.0246101699744201,0.339260017158458,-0.369080374632776,0.106548265683092,0.906743001591136,0.366235199818231,0.542877589482936,0.00410739640490571,0.00120076420907544
"C5",3,"TREE",5,201,800,200,20764213,0.310000000000002,0.362127803413326,0.544078353692011,0.441882360257987,-0.0246101699744201,0.339260017158458,-0.369080374632776,0.106548265683092,0.906743001591136,0.366235199818231,0.542877589482936,0.00410739640490571,0.00120076420907544
"C5",3,"TREE",1,40,800,200,20764209,0.0599999999999987,0.347296257907868,0.455675310988255,0.35897157062873,-0.00277519411249223,0.54975595667649,0.039677627096438,0.217860254055139,0.802001226112542,0.366235199818231,0.542877589482936,0.018938941910364,-0.087202278494681
"C5",3,"BAGGING",100,4010,800,200,20764408,571.05,0.839041461624916,0.278751313160921,0.221946510083334,0.0469236414833235,1.37899768144846,0.640631593831375,0.377324130786687,0.754366307108741,0.839041461624916,0.278751313160921,0,0
"C5",3,"BAGGING",50,2005,800,200,20764358,275.6,0.836743853237026,0.276879216231026,0.216636976416663,0.0471586878166578,1.33664786978725,0.645442429041521,0.388036207768481,0.75079672557334,0.839041461624916,0.278751313160921,0.00229760838789006,-0.00187209692989448
"C5",3,"BAGGING",25,1003,800,200,20764333,138.01,0.822515492761364,0.28491987929132,0.22236090935,0.052740245183336,1.31658146549717,0.62455048043308,0.383350451278323,0.752616563014759,0.839041461624916,0.278751313160921,0.016525968863552,0.00616856613039951
"C5",3,"BAGGING",10,401,800,200,20764318,55.7199999999999,0.806113467166362,0.286817885159365,0.229761041050003,0.0460202403166552,1.21592659461765,0.619531673612021,0.36843262276831,0.756892462336024,0.839041461624916,0.278751313160921,0.0329279944585543,0.00806657199844413
"C5",3,"BAGGING",5,201,800,200,20764313,28.78,0.802458376438615,0.28863307826695,0.230422863699998,0.0521679919999999,1.19162404356675,0.614700671749681,0.383565018956644,0.752212666421603,0.839041461624916,0.278751313160921,0.0365830851863009,0.00988176510602973
"C5",3,"BAGGING",1,40,800,200,20764309,6.3900000000001,0.687864785243418,0.342491586321998,0.278908079700001,0.0429690993999802,0.890690412358675,0.457492353711359,0.347919454225555,0.766877245544589,0.839041461624916,0.278751313160921,0.151176676381498,0.0637402731610772
"C5",3,"RF",100,4010,800,200,20764508,210.31,0.834434039976429,0.280441841815285,0.222561381700002,0.0477029816999987,1.3635513672987,0.636259490349014,0.398148635926273,0.747946155665905,0.834434039976429,0.280441841815285,0,0
"C5",3,"RF",50,2005,800,200,20764458,103.34,0.830176499040023,0.283536440149776,0.225744944666664,0.0490153727666553,1.36810628679828,0.628187647142477,0.375560131904762,0.755043951895912,0.834434039976429,0.280441841815285,0.00425754093640562,0.00309459833449083
"C5",3,"RF",25,1003,800,200,20764433,54.17,0.82140013192642,0.28336721194254,0.223272230533334,0.0464484467666499,1.30085735452601,0.628631345742105,0.371319853179348,0.755976758663089,0.834434039976429,0.280441841815285,0.0130339080500084,0.00292537012725508
"C5",3,"RF",10,401,800,200,20764418,23.46,0.806210649852469,0.290242272963376,0.229228798633336,0.0471745406999868,1.26949214239135,0.610392433624519,0.366993461844117,0.757372248781864,0.834434039976429,0.280441841815285,0.0282233901239594,0.00980043114809048
"C5",3,"RF",5,201,800,200,20764413,13.12,0.768066538545172,0.305143004152935,0.245982806483331,0.0412511407833178,1.17191238467338,0.569361469613456,0.357738583313341,0.760114652265074,0.834434039976429,0.280441841815285,0.0663675014312565,0.0247011623376502
"C5",3,"RF",1,40,800,200,20764409,3.22000000000003,0.668436964120898,0.351612066898375,0.267742261973806,0.0312045067071307,0.849195865127881,0.42821390229006,0.30531901770785,0.783464195152627,0.834434039976429,0.280441841815285,0.165997075855531,0.07117022508309
"C5",3,"BOOSTING",100,4010,800,200,20764608,41.02,0.850596702177418,0.264001235692701,0.212501047031926,0.0138008365571786,1.33213859509922,0.677657203847477,0.425296102090937,0.737432725691741,0.850596702177418,0.264001235692701,0,0
"C5",3,"BOOSTING",50,2005,800,200,20764558,21.94,0.848849161849308,0.265337190852529,0.214639985239848,0.019336231869854,1.33034481095822,0.674386574319442,0.411382326663707,0.742064536604961,0.850596702177418,0.264001235692701,0.00174754032810909,0.00133595515982732
"C5",3,"BOOSTING",25,1003,800,200,20764533,10.7,0.839312552015307,0.269468993704335,0.215692471710262,0.0245696064410048,1.29985449251922,0.664166782210175,0.41296182482303,0.741487291087712,0.850596702177418,0.264001235692701,0.0112841501621106,0.00546775801163357
"C5",3,"BOOSTING",10,401,800,200,20764518,4.09999999999999,0.830643568320901,0.272577582534863,0.217704196215005,0.0183616831734811,1.27466093689149,0.656373759580039,0.40666305009988,0.743318375295071,0.850596702177418,0.264001235692701,0.0199531338565162,0.00857634684216185
"C5",3,"BOOSTING",5,201,800,200,20764513,2.06999999999999,0.816260079738137,0.277452855519627,0.223289375958172,0.00955292185093157,1.22136377748753,0.643971760020763,0.407156439695576,0.742805803696829,0.850596702177418,0.264001235692701,0.0343366224392809,0.0134516198269261
"C5",3,"BOOSTING",1,40,800,200,20764509,0.399999999999991,0.752183748022122,0.308367713215759,0.24696163167635,0.0164603138419287,1.09569650081961,0.560211519178353,0.358444803591941,0.759521220130716,0.850596702177418,0.264001235692701,0.0984129541552959,0.0443664775230574
"C5",4,"GBLUP",100,4010,800,200,20765108,19.12,0.853238335363626,0.246687250253723,0.203577900832978,-0.000178426348452021,1.07198187724704,0.724732956730032,0.540710161987361,0.748505441225255,0.853238335363626,0.246687250253723,0,0
"C5",4,"GBLUP",50,2005,800,200,20765058,16.14,0.839333317909538,0.256050117782174,0.208446001173968,0.006275448361434,0.966220259881199,0.703441231360684,0.533174820053505,0.748040660952856,0.853238335363626,0.246687250253723,0.0139050174540873,0.00936286752845064
"C5",4,"GBLUP",25,1003,800,200,20765033,15.15,0.821769166697278,0.271249391245669,0.21728426223673,0.0115832935427144,0.904609043833847,0.667188477225337,0.528403413071578,0.749016966104765,0.853238335363626,0.246687250253723,0.0314691686663474,0.0245621409919461
"C5",4,"GBLUP",10,401,800,200,20765018,12.19,0.795815192569972,0.289187566496671,0.224827717464374,0.0176688866145738,0.887406294731,0.621714196402717,0.522244025436643,0.752265762980621,0.853238335363626,0.246687250253723,0.0574231427936537,0.0425003162429481
"C5",4,"GBLUP",5,201,800,200,20765013,12.97,0.778244049899243,0.301488265249912,0.231914429969023,0.0243986799462561,0.867528825884913,0.588848730439119,0.506175237895083,0.760103287639068,0.853238335363626,0.246687250253723,0.0749942854643828,0.0548010149961892
"C5",4,"GBLUP",1,40,800,200,20765009,13.03,0.596181879237591,0.381465810200231,0.303266861345532,0.00599321467565616,0.836938849787859,0.341778523247643,0.384114786297684,0.813597274074573,0.853238335363626,0.246687250253723,0.257056456126035,0.134778559946508
"C5",4,"MARS",100,4010,800,200,20765208,42.42,0.657472032586846,0.385180219696302,0.300846895440132,0.0376669098768038,0.678613153612355,0.328897644803791,0.411863422516611,0.80813010903459,0.657472032586846,0.385180219696302,0,0
"C5",4,"MARS",50,2005,800,200,20765158,10.42,0.657472032586846,0.385180219696302,0.300846895440132,0.0376669098768038,0.678613153612355,0.328897644803791,0.411863422516611,0.80813010903459,0.657472032586846,0.385180219696302,0,0
"C5",4,"MARS",25,1003,800,200,20765133,2.98,0.657472032586846,0.385180219696302,0.300846895440132,0.0376669098768038,0.678613153612355,0.328897644803791,0.411863422516611,0.80813010903459,0.657472032586846,0.385180219696302,0,0
"C5",4,"MARS",10,401,800,200,20765118,0.759999999999991,0.657472032586846,0.385180219696302,0.300846895440132,0.0376669098768038,0.678613153612355,0.328897644803791,0.411863422516611,0.80813010903459,0.657472032586846,0.385180219696302,0,0
"C5",4,"MARS",5,201,800,200,20765113,0.280000000000001,0.657472032586846,0.385180219696302,0.300846895440132,0.0376669098768038,0.678613153612355,0.328897644803791,0.411863422516611,0.80813010903459,0.657472032586846,0.385180219696302,0,0
"C5",4,"MARS",1,40,800,200,20765109,0.0499999999999972,0.657472032586846,0.385180219696302,0.300846895440132,0.0376669098768038,0.678613153612355,0.328897644803791,0.411863422516611,0.80813010903459,0.657472032586846,0.385180219696302,0,0
"C5",4,"TREE",100,4010,800,200,20765308,11.11,0.458223890634869,0.509062173359244,0.398137325031884,0.0450715661217448,0.428668655186444,-0.172202017502513,0.322616957213259,0.862125798359294,0.458223890634869,0.509062173359244,0,0
"C5",4,"TREE",50,2005,800,200,20765258,4.38,0.458223890634873,0.509062173359238,0.398137325031879,0.0450715661217478,0.428668655186458,-0.172202017502486,0.322616957213262,0.862125798359291,0.458223890634869,0.509062173359244,-4.05231403988182e-15,-5.77315972805081e-15
"C5",4,"TREE",25,1003,800,200,20765233,1.91,0.458223890634873,0.509062173359238,0.398137325031879,0.0450715661217478,0.428668655186458,-0.172202017502486,0.322616957213262,0.862125798359291,0.458223890634869,0.509062173359244,-4.05231403988182e-15,-5.77315972805081e-15
"C5",4,"TREE",10,401,800,200,20765218,0.649999999999999,0.458223890634873,0.509062173359238,0.398137325031879,0.0450715661217478,0.428668655186458,-0.172202017502486,0.322616957213262,0.862125798359291,0.458223890634869,0.509062173359244,-4.05231403988182e-15,-5.77315972805081e-15
"C5",4,"TREE",5,201,800,200,20765213,0.309999999999999,0.458223890634873,0.509062173359238,0.398137325031879,0.0450715661217478,0.428668655186458,-0.172202017502486,0.322616957213262,0.862125798359291,0.458223890634869,0.509062173359244,-4.05231403988182e-15,-5.77315972805081e-15
"C5",4,"TREE",1,40,800,200,20765209,0.0599999999999987,0.299141680901209,0.462286030855727,0.378876681564109,-0.0494369062581099,0.584795292278346,0.0333208522311323,0.220585720524322,0.86381358473307,0.458223890634869,0.509062173359244,0.15908220973366,-0.0467761425035165
"C5",4,"BAGGING",100,4010,800,200,20765408,566.97,0.855287773876525,0.284020121348322,0.227954500900006,0.00317760979999434,1.56970906343269,0.635112465364726,0.524055962741298,0.778230869796175,0.855287773876525,0.284020121348322,0,0
"C5",4,"BAGGING",50,2005,800,200,20765358,274.57,0.853558113496322,0.282025755913383,0.227452995966669,-0.00130771906669011,1.53422071250137,0.64021889298066,0.527003003060215,0.776098446058851,0.855287773876525,0.284020121348322,0.0017296603802025,-0.00199436543493925
"C5",4,"BAGGING",25,1003,800,200,20765333,136.28,0.850349683561399,0.282405000734499,0.229048707750004,0.0015996791833328,1.51628438735689,0.639250634878376,0.527717594136312,0.775238992903583,0.855287773876525,0.284020121348322,0.00493809031512515,-0.00161512061382352
"C5",4,"BAGGING",10,401,800,200,20765318,53.8900000000001,0.838111549631117,0.283455409544044,0.228309160600005,-0.00197453960001852,1.44130125016732,0.636562020756482,0.500248946145246,0.781409678718608,0.855287773876525,0.284020121348322,0.0171762242454077,-0.00056471180427814
"C5",4,"BAGGING",5,201,800,200,20765313,25.8099999999999,0.824035416155547,0.287512986316254,0.226411906100003,1.82669999226444e-06,1.38744537009859,0.626082543353369,0.496586328936513,0.781263712185605,0.855287773876525,0.284020121348322,0.0312523577209777,0.00349286496793139
"C5",4,"BAGGING",1,40,800,200,20765309,5.55999999999995,0.755022266272288,0.313643845315362,0.251809674816661,-0.0150796292166756,1.18586494288413,0.555026293448735,0.468757461648701,0.787482280254775,0.855287773876525,0.284020121348322,0.100265507604236,0.0296237239670395
"C5",4,"RF",100,4010,800,200,20765508,211.11,0.84219841763409,0.287961902675957,0.231701418933332,-0.00483043556666537,1.52602431941764,0.62491397903755,0.53690244111737,0.773864855004054,0.84219841763409,0.287961902675957,0,0
"C5",4,"RF",50,2005,800,200,20765458,106.16,0.844191448415078,0.284404514888765,0.230577419066661,-0.00232418270001567,1.49680945880185,0.634124117602386,0.510438339912015,0.780180400261924,0.84219841763409,0.287961902675957,-0.00199303078098878,-0.00355738778719161
"C5",4,"RF",25,1003,800,200,20765433,54.5,0.834913195695275,0.285402691116071,0.227705357666662,-0.000535379066670885,1.44216593177272,0.631551377183586,0.515060632629917,0.77706001043886,0.84219841763409,0.287961902675957,0.00728522193881431,-0.00255921155988609
"C5",4,"RF",10,401,800,200,20765418,24.19,0.817836554566842,0.293647156965319,0.232366720949997,-0.000842438616683054,1.42195139205765,0.609957069490056,0.507049858186579,0.779938470288794,0.84219841763409,0.287961902675957,0.0243618630672479,0.00568525428936267
"C5",4,"RF",5,201,800,200,20765413,13.08,0.800042680012815,0.300914355950643,0.244395532699992,-0.0170614892666751,1.37895274995273,0.590412565424137,0.485377650424742,0.786797691962762,0.84219841763409,0.287961902675957,0.042155737621275,0.0129524532746866
"C5",4,"RF",1,40,800,200,20765409,3.13999999999999,0.686165812895663,0.343294997047221,0.274417557649995,-0.00901688651667399,1.0949416623463,0.466915864010321,0.448921460279929,0.794384480654236,0.84219841763409,0.287961902675957,0.156032604738426,0.0553330943712647
"C5",4,"BOOSTING",100,4010,800,200,20765608,41,0.852970772891199,0.276485726647222,0.227259564599104,-0.00558206764494258,1.46455442028669,0.654214926539717,0.530341550792093,0.772113812032926,0.852970772891199,0.276485726647222,0,0
"C5",4,"BOOSTING",50,2005,800,200,20765558,21.4,0.849843792077015,0.278751169478558,0.229563704984781,-0.00437517192197873,1.46902491206294,0.64852518898133,0.537950858349416,0.770161766165967,0.852970772891199,0.276485726647222,0.00312698081418361,0.00226544283133628
"C5",4,"BOOSTING",25,1003,800,200,20765533,10.53,0.852863787113874,0.276290970902976,0.228655987394626,0.0003988935103812,1.46217941248106,0.65470189497616,0.542074165199343,0.768102227797794,0.852970772891199,0.276485726647222,0.000106985777325486,-0.0001947557442456
"C5",4,"BOOSTING",10,401,800,200,20765518,4.05,0.845224333285568,0.277465816333428,0.230356310202729,-0.00437553608358471,1.42028871187642,0.651759095946295,0.531297921143846,0.770284842309296,0.852970772891199,0.276485726647222,0.00774643960563082,0.000980089686205776
"C5",4,"BOOSTING",5,201,800,200,20765513,2.00999999999999,0.826536808500963,0.285616393617654,0.23773437162615,-0.00536229568916383,1.38118004738784,0.630999400110233,0.521746097321026,0.773014216866288,0.852970772891199,0.276485726647222,0.0264339643902365,0.0091306669704318
"C5",4,"BOOSTING",1,40,800,200,20765509,0.409999999999997,0.718580650434913,0.331880790899737,0.267943359301918,0.0175181449646171,1.19026760116641,0.501775542854432,0.492508341126152,0.781246514465935,0.852970772891199,0.276485726647222,0.134390122456286,0.0553950642525154
"C5",5,"GBLUP",100,4010,800,200,20766108,18.55,0.862510499708821,0.227128849426761,0.184697793899668,0.0141431540461873,0.929487600875162,0.738629638091494,0.432115828733929,0.695118295669072,0.862510499708821,0.227128849426761,0,0
"C5",5,"GBLUP",50,2005,800,200,20766058,15.92,0.854287617310177,0.240191463283622,0.19704901255456,0.0143033941115945,0.854765512931649,0.707701307066443,0.435947337386116,0.697735247751506,0.862510499708821,0.227128849426761,0.0082228823986441,0.0130626138568617
"C5",5,"GBLUP",25,1003,800,200,20766033,17.68,0.842084566362804,0.257406684235815,0.211255963711447,0.0167685999450557,0.801704660293661,0.664299971561009,0.434963537432916,0.702348988761269,0.862510499708821,0.227128849426761,0.0204259333460171,0.0302778348090544
"C5",5,"GBLUP",10,401,800,200,20766018,14.62,0.820659814427908,0.278948217332078,0.226960999681247,0.0144598495443643,0.760680995140677,0.605761605005879,0.43993105590721,0.702146053269322,0.862510499708821,0.227128849426761,0.0418506852809136,0.0518193679053177
"C5",5,"GBLUP",5,201,800,200,20766013,14.55,0.799923911272659,0.29294446535987,0.237334350611879,0.0178488776906831,0.747442682732618,0.565207211835792,0.413073377137072,0.715362476175083,0.862510499708821,0.227128849426761,0.0625865884361626,0.0658156159331094
"C5",5,"GBLUP",1,40,800,200,20766009,13.79,0.563349323852728,0.400611173029745,0.318335869584313,0.0207570584326802,0.611308343153091,0.186873991413074,0.31863343538429,0.744534783806448,0.862510499708821,0.227128849426761,0.299161175856093,0.173482323602985
"C5",5,"MARS",100,4010,800,200,20766208,41.91,0.672628708169076,0.358316352374173,0.292843728827437,-0.00987567251996026,0.677589765949915,0.349503455036975,0.387126620240966,0.719394635397741,0.672628708169076,0.358316352374173,0,0
"C5",5,"MARS",50,2005,800,200,20766158,10.52,0.672628708169076,0.358316352374173,0.292843728827437,-0.00987567251996026,0.677589765949915,0.349503455036975,0.387126620240966,0.719394635397741,0.672628708169076,0.358316352374173,0,0
"C5",5,"MARS",25,1003,800,200,20766133,3.36000000000001,0.672628708169076,0.358316352374173,0.292843728827437,-0.00987567251996026,0.677589765949915,0.349503455036975,0.387126620240966,0.719394635397741,0.672628708169076,0.358316352374173,0,0
"C5",5,"MARS",10,401,800,200,20766118,0.75,0.672628708169076,0.358316352374173,0.292843728827437,-0.00987567251996026,0.677589765949915,0.349503455036975,0.387126620240966,0.719394635397741,0.672628708169076,0.358316352374173,0,0
"C5",5,"MARS",5,201,800,200,20766113,0.330000000000013,0.672628708169076,0.358316352374173,0.292843728827437,-0.00987567251996026,0.677589765949915,0.349503455036975,0.387126620240966,0.719394635397741,0.672628708169076,0.358316352374173,0,0
"C5",5,"MARS",1,40,800,200,20766109,0.0599999999999881,0.672628708169076,0.358316352374173,0.292843728827437,-0.00987567251996026,0.677589765949915,0.349503455036975,0.387126620240966,0.719394635397741,0.672628708169076,0.358316352374173,0,0
"C5",5,"TREE",100,4010,800,200,20766308,10.75,0.384011620818695,0.512223477083365,0.400753125485987,-0.015088989324815,0.357661105947365,-0.329323545556652,0.13010451360837,0.846402199558076,0.384011620818695,0.512223477083365,0,0
"C5",5,"TREE",50,2005,800,200,20766258,4.5,0.384011620818694,0.512223477083361,0.400753125485983,-0.0150889893248154,0.357661105947363,-0.32932354555663,0.130104513608366,0.846402199558074,0.384011620818695,0.512223477083365,6.66133814775094e-16,-4.21884749357559e-15
"C5",5,"TREE",25,1003,800,200,20766233,1.85,0.384011620818694,0.512223477083361,0.400753125485983,-0.0150889893248154,0.357661105947363,-0.32932354555663,0.130104513608366,0.846402199558074,0.384011620818695,0.512223477083365,6.66133814775094e-16,-4.21884749357559e-15
"C5",5,"TREE",10,401,800,200,20766218,0.609999999999999,0.384011620818694,0.512223477083361,0.400753125485983,-0.0150889893248154,0.357661105947363,-0.32932354555663,0.130104513608366,0.846402199558074,0.384011620818695,0.512223477083365,6.66133814775094e-16,-4.21884749357559e-15
"C5",5,"TREE",5,201,800,200,20766213,0.32,0.384011620818694,0.512223477083361,0.400753125485983,-0.0150889893248154,0.357661105947363,-0.32932354555663,0.130104513608366,0.846402199558074,0.384011620818695,0.512223477083365,6.66133814775094e-16,-4.21884749357559e-15
"C5",5,"TREE",1,40,800,200,20766209,0.0500000000000007,0.316721650982685,0.442224308194559,0.347963580949097,0.0525183854069484,0.532749180473546,0.00917499111919617,0.0646497378908186,0.796170930020811,0.384011620818695,0.512223477083365,0.0672899698360105,-0.0699991688888063
"C5",5,"BAGGING",100,4010,800,200,20766408,568.34,0.833051974747305,0.26384091639327,0.209765420866663,0.029387119566654,1.32778302617762,0.647307657231616,0.409135728785696,0.700302457384563,0.833051974747305,0.26384091639327,0,0
"C5",5,"BAGGING",50,2005,800,200,20766358,276.34,0.833595195046215,0.264268109822798,0.208170830233322,0.0287351211333188,1.33896436767257,0.646164621275314,0.40250752210374,0.702351327641241,0.833051974747305,0.26384091639327,-0.00054322029891074,0.000427193429527739
"C5",5,"BAGGING",25,1003,800,200,20766333,124.6,0.83189755542847,0.262177443264965,0.209422158299996,0.0358757396999853,1.28364854017286,0.651740970592768,0.394958975973052,0.704933344211644,0.833051974747305,0.26384091639327,0.00115441931883475,-0.00166347312830473
"C5",5,"BAGGING",10,401,800,200,20766318,48.5899999999999,0.811694629165639,0.267640143173633,0.212882309149996,0.0286567208833203,1.19544257637505,0.637077206988801,0.380872836836722,0.708758796132848,0.833051974747305,0.26384091639327,0.0213573455816651,0.00379922678036365
"C5",5,"BAGGING",5,201,800,200,20766313,25.6400000000001,0.776905281237652,0.283011736666457,0.227580328666669,0.0233441245333148,1.11706559201807,0.59419197591485,0.356009031791051,0.716725411641723,0.833051974747305,0.26384091639327,0.0561466935096523,0.0191708202731871
"C5",5,"BAGGING",1,40,800,200,20766309,5.76999999999998,0.600082872599502,0.373353414270797,0.30264490714999,0.0280275469499813,0.706145500922824,0.293760519637879,0.215737328544113,0.777750977524658,0.833051974747305,0.26384091639327,0.232969102147802,0.109512497877527
"C5",5,"RF",100,4010,800,200,20766508,213.73,0.832973891783451,0.264006217072037,0.208238284699994,0.0341942158999765,1.32144380928032,0.646865583670799,0.409584326053506,0.700525019230197,0.832973891783451,0.264006217072037,0,0
"C5",5,"RF",50,2005,800,200,20766458,105.65,0.827244984247575,0.2652804059287,0.211771051150002,0.0345408715833145,1.29138401148475,0.643448650710996,0.403949840182127,0.702105110661409,0.832973891783451,0.264006217072037,0.00572890753587574,0.00127418885666264
"C5",5,"RF",25,1003,800,200,20766433,54.16,0.831039124791976,0.263611561136069,0.211457698199999,0.0343355166333169,1.29975322077635,0.647920577204056,0.397946191340391,0.703957762845573,0.832973891783451,0.264006217072037,0.00193476699147455,-0.000394655935968768
"C5",5,"RF",10,401,800,200,20766418,23.82,0.81247916543322,0.270140715820657,0.214140243283327,0.0335362379499849,1.2365682436606,0.6302639220152,0.405561454603365,0.701290250828614,0.832973891783451,0.264006217072037,0.0204947263502309,0.00613449874861982
"C5",5,"RF",5,201,800,200,20766413,13.2,0.80241938264547,0.270537055786927,0.212975098983327,0.0202712839833173,1.16276601364946,0.629178201308501,0.370474830456148,0.711640388222722,0.832973891783451,0.264006217072037,0.0305545091379805,0.00653083871488958
"C5",5,"RF",1,40,800,200,20766409,3.23999999999995,0.698688525088549,0.32041847376668,0.256735607683335,-0.00239270301667808,0.884595680632467,0.479828166281768,0.349952459647783,0.720930081056267,0.832973891783451,0.264006217072037,0.134285366694902,0.0564122566946423
"C5",5,"BOOSTING",100,4010,800,200,20766608,40.45,0.83969247719026,0.256777652070174,0.200213109590306,0.0164759862133511,1.30114491828966,0.66593868657842,0.438413362465213,0.689758863111088,0.83969247719026,0.256777652070174,0,0
"C5",5,"BOOSTING",50,2005,800,200,20766558,22.66,0.831909739160523,0.259916419143462,0.202920349426482,0.0208889609179253,1.27470323623952,0.657721856541784,0.426222794783663,0.69375230743427,0.83969247719026,0.256777652070174,0.00778273802973717,0.00313876707328764
"C5",5,"BOOSTING",25,1003,800,200,20766533,10.66,0.833350439317353,0.258165832251605,0.201746821053519,0.0183511371012006,1.2648526492347,0.662316947621556,0.435388880296271,0.69047388050436,0.83969247719026,0.256777652070174,0.00634203787290721,0.00138818018143044
"C5",5,"BOOSTING",10,401,800,200,20766518,4.2,0.822480016268726,0.263987539121982,0.205575369292753,0.0118173517864548,1.26026183955506,0.646915549112847,0.422056957496219,0.694480563777116,0.83969247719026,0.256777652070174,0.0172124609215338,0.00720988705180775
"C5",5,"BOOSTING",5,201,800,200,20766513,2.08,0.817741270794633,0.264381270110192,0.206636335351278,0.0154642254456555,1.219275684786,0.645861529950268,0.420171072225001,0.694997269059483,0.83969247719026,0.256777652070174,0.0219512063956274,0.00760361804001791
"C5",5,"BOOSTING",1,40,800,200,20766509,0.449999999999989,0.740144906093978,0.300289038265431,0.233624548235879,0.0152940369467132,1.08683945409311,0.543132047057783,0.375931623929362,0.709410746299744,0.83969247719026,0.256777652070174,0.0995475710962821,0.0435113861952565
"C6",1,"GBLUP",100,4010,800,200,20862108,18.61,0.902292304044292,0.178913156451864,0.142348763615423,-0.0337057999907562,1.08164317579253,0.802482836307846,0.487408931419738,0.615972499950523,0.902292304044292,0.178913156451864,0,0
"C6",1,"GBLUP",50,2005,800,200,20862058,15.83,0.893280209893308,0.183209300169688,0.145244503902513,-0.0286470294252796,1.00177105438915,0.792883205202749,0.474818300195137,0.620799146003601,0.902292304044292,0.178913156451864,0.00901209415098392,0.00429614371782444
"C6",1,"GBLUP",25,1003,800,200,20862033,15.07,0.894230550249132,0.182219181280302,0.144473218271807,-0.0245959193743626,0.969347913469816,0.795115800595932,0.463025817264629,0.625993922907628,0.902292304044292,0.178913156451864,0.0080617537951595,0.00330602482843806
"C6",1,"GBLUP",10,401,800,200,20862018,12.53,0.852670870027946,0.212096820933618,0.169734731334779,-0.0182868034977834,0.943939361706375,0.722419724079707,0.439565817300064,0.634447054016126,0.902292304044292,0.178913156451864,0.0496214340163456,0.0331836644817547
"C6",1,"GBLUP",5,201,800,200,20862013,12.36,0.806927958948907,0.242249848530363,0.192895918201838,-0.0158015651432153,0.881763173800985,0.637884334371447,0.419268118275527,0.64290524882328,0.902292304044292,0.178913156451864,0.0953643450953845,0.0633366920784997
"C6",1,"GBLUP",1,40,800,200,20862009,12.56,0.582454706642911,0.337449826103315,0.269927794418554,-0.0315413178047078,0.75489657392706,0.297350563339721,0.331843904818608,0.669246992951608,0.902292304044292,0.178913156451864,0.31983759740138,0.158536669651451
"C6",1,"MARS",100,4010,800,200,20862208,43.58,0.598926254770175,0.359419879762999,0.286373828499056,-0.0503726801941725,0.615338281891397,0.202878589769046,0.293413489458764,0.700677094303786,0.598926254770175,0.359419879762999,0,0
"C6",1,"MARS",50,2005,800,200,20862158,10.97,0.598926254770175,0.359419879762999,0.286373828499056,-0.0503726801941725,0.615338281891397,0.202878589769046,0.293413489458764,0.700677094303786,0.598926254770175,0.359419879762999,0,0
"C6",1,"MARS",25,1003,800,200,20862133,3.11,0.598926254770175,0.359419879762999,0.286373828499056,-0.0503726801941725,0.615338281891397,0.202878589769046,0.293413489458764,0.700677094303786,0.598926254770175,0.359419879762999,0,0
"C6",1,"MARS",10,401,800,200,20862118,0.710000000000008,0.598926254770175,0.359419879762999,0.286373828499056,-0.0503726801941725,0.615338281891397,0.202878589769046,0.293413489458764,0.700677094303786,0.598926254770175,0.359419879762999,0,0
"C6",1,"MARS",5,201,800,200,20862113,0.310000000000002,0.598926254770175,0.359419879762999,0.286373828499056,-0.0503726801941725,0.615338281891397,0.202878589769046,0.293413489458764,0.700677094303786,0.598926254770175,0.359419879762999,0,0
"C6",1,"MARS",1,40,800,200,20862109,0.0400000000000063,0.598926254770175,0.359419879762999,0.286373828499056,-0.0503726801941725,0.615338281891397,0.202878589769046,0.293413489458764,0.700677094303786,0.598926254770175,0.359419879762999,0,0
"C6",1,"TREE",100,4010,800,200,20862308,11.09,0.217709507694663,0.499403567811652,0.398585085165627,-0.0409406016241918,0.222912932846747,-0.538946656533798,0.107728932946719,0.769705671580361,0.217709507694663,0.499403567811652,0,0
"C6",1,"TREE",50,2005,800,200,20862258,4.61,0.217709507694672,0.499403567811653,0.398585085165628,-0.0409406016241951,0.222912932846754,-0.538946656533801,0.107728932946729,0.76970567158036,0.217709507694663,0.499403567811652,-9.88098491916389e-15,5.55111512312578e-16
"C6",1,"TREE",25,1003,800,200,20862233,1.84,0.242715810450008,0.498775525134641,0.395441775641818,-0.045630792100385,0.241498161044666,-0.535078376462063,0.132471802105897,0.765820913146376,0.217709507694663,0.499403567811652,-0.025006302755345,-0.000628042677011276
"C6",1,"TREE",10,401,800,200,20862218,0.689999999999998,0.217709507694672,0.499403567811653,0.398585085165628,-0.0409406016241951,0.222912932846754,-0.538946656533801,0.107728932946729,0.76970567158036,0.217709507694663,0.499403567811652,-9.88098491916389e-15,5.55111512312578e-16
"C6",1,"TREE",5,201,800,200,20862213,0.310000000000002,0.217709507694672,0.499403567811653,0.398585085165628,-0.0409406016241951,0.222912932846754,-0.538946656533801,0.107728932946729,0.76970567158036,0.217709507694663,0.499403567811652,-9.88098491916389e-15,5.55111512312578e-16
"C6",1,"TREE",1,40,800,200,20862209,0.0599999999999987,0.370832362108653,0.38971218647557,0.314414850226439,-0.0658539083588973,0.628844483948731,0.0628518369561465,0.199266737877936,0.701040818138107,0.217709507694663,0.499403567811652,-0.15312285441399,-0.109691381336082
"C6",1,"BAGGING",100,4010,800,200,20862408,572.42,0.834994579928675,0.237045948722124,0.192783911149997,-0.025752304516679,1.31418105711189,0.653274838024779,0.4396223476208,0.634823006779819,0.834994579928675,0.237045948722124,0,0
"C6",1,"BAGGING",50,2005,800,200,20862358,261.56,0.827274338950151,0.23949473271166,0.192536486700003,-0.0249968233000153,1.28927407153262,0.646074203910351,0.441419550649529,0.634038129757471,0.834994579928675,0.237045948722124,0.00772024097852464,0.00244878398953557
"C6",1,"BAGGING",25,1003,800,200,20862333,115.67,0.811244165913049,0.245861515942357,0.199053507066674,-0.0295861820333377,1.2463372289567,0.627006386961289,0.419862472491508,0.640384630194508,0.834994579928675,0.237045948722124,0.0237504140156258,0.00881556722023338
"C6",1,"BAGGING",10,401,800,200,20862318,44.17,0.79563863890475,0.251814937584379,0.199761703383335,-0.0312426748833305,1.20481224527821,0.60872395270052,0.416214807341116,0.641421357177425,0.834994579928675,0.237045948722124,0.0393559410239255,0.014768988862255
"C6",1,"BAGGING",5,201,800,200,20862313,22.6999999999999,0.777288002935179,0.257453289835782,0.20893962886667,-0.0292739743333395,1.12895538354765,0.591005774242969,0.417380225134654,0.64051921835155,0.834994579928675,0.237045948722124,0.0577065769934965,0.0204073411136579
"C6",1,"BAGGING",1,40,800,200,20862309,5.09999999999991,0.606674604610478,0.330184537993421,0.261672081216674,-0.017587622183339,0.754743736800159,0.327280914248442,0.32059749961039,0.673534204384174,0.834994579928675,0.237045948722124,0.228319975318197,0.0931385892712974
"C6",1,"RF",100,4010,800,200,20862508,213.42,0.826964337764521,0.241163959051251,0.194644103900003,-0.0230480410000133,1.31619983779833,0.641123438885254,0.432263071783214,0.63688525804186,0.826964337764521,0.241163959051251,0,0
"C6",1,"RF",50,2005,800,200,20862458,104.05,0.821149849144451,0.2431314330761,0.197129400783334,-0.0208911318500199,1.30239351512371,0.635243949246227,0.431719424396553,0.63679016350154,0.826964337764521,0.241163959051251,0.00581448862006984,0.0019674740248497
"C6",1,"RF",25,1003,800,200,20862433,53.54,0.819752351357479,0.241279886596278,0.193982108716665,-0.0250343394833308,1.25271844187515,0.640778331943831,0.433182936349703,0.636044906240366,0.826964337764521,0.241163959051251,0.00721198640704201,0.000115927545027816
"C6",1,"RF",10,401,800,200,20862418,23.69,0.773127850174338,0.261071622850328,0.207015798066665,-0.0321215738666842,1.16452893960173,0.579428709903096,0.400973950894974,0.645890182448716,0.826964337764521,0.241163959051251,0.0538364875901833,0.019907663799077
"C6",1,"RF",5,201,800,200,20862413,13.8,0.748751534919708,0.269013268824152,0.214182330983332,-0.0265524459500171,1.07642417196911,0.553452473124597,0.377838895054537,0.652228101579924,0.826964337764521,0.241163959051251,0.0782128028448131,0.0278493097729019
"C6",1,"RF",1,40,800,200,20862409,3.25,0.561800424394513,0.348485767370462,0.282240515528581,-0.0204117211674742,0.692198419597664,0.250640225894665,0.327418100468549,0.671886170711675,0.826964337764521,0.241163959051251,0.265163913370008,0.107321808319212
"C6",1,"BOOSTING",100,4010,800,200,20862608,41.39,0.877232582466635,0.224600767130813,0.184066327792586,-0.0296021527277365,1.45566141592238,0.688726065204014,0.418370790362798,0.64206207297703,0.877232582466635,0.224600767130813,0,0
"C6",1,"BOOSTING",50,2005,800,200,20862558,22.23,0.87849846701886,0.223811752639593,0.182081776026022,-0.0335422418490428,1.44814244506924,0.690909212278923,0.412262679129661,0.643944650471282,0.877232582466635,0.224600767130813,-0.00126588455222532,-0.000789014491219403
"C6",1,"BOOSTING",25,1003,800,200,20862533,10.66,0.865723185553682,0.228116826270896,0.184109935054737,-0.0334897933517344,1.41128359341454,0.678903977027819,0.408931289983807,0.644650020019262,0.877232582466635,0.224600767130813,0.0115093969129533,0.00351605914008288
"C6",1,"BOOSTING",10,401,800,200,20862518,4.14,0.867943344791043,0.225926774482785,0.184937166014498,-0.0320040299680154,1.40213782201298,0.685039791634073,0.417754915373293,0.641970290992401,0.877232582466635,0.224600767130813,0.00928923767559153,0.00132600735197252
"C6",1,"BOOSTING",5,201,800,200,20862513,2.14,0.847596653929423,0.233192692643386,0.190646527965969,-0.0302033262537148,1.35022878135862,0.66445547306001,0.409453278516179,0.643856643732371,0.877232582466635,0.224600767130813,0.0296359285372116,0.00859192551257287
"C6",1,"BOOSTING",1,40,800,200,20862509,0.420000000000002,0.77796982835027,0.258263042740774,0.209106555305646,-0.0325763194033457,1.14968839803705,0.588428956599876,0.367307844150646,0.655729541413814,0.877232582466635,0.224600767130813,0.0992627541163645,0.0336622756099607
"C6",2,"GBLUP",100,4010,800,200,20863108,18.1,0.898568162685606,0.201397150069048,0.166269674722058,0.0377537696243012,1.11316240270821,0.791762792646482,0.437787903872589,0.69409942732625,0.898568162685606,0.201397150069048,0,0
"C6",2,"GBLUP",50,2005,800,200,20863058,15.83,0.885728467393901,0.208236367869171,0.171925797406553,0.0347822648632704,1.03554225987645,0.777379655910029,0.424605647692864,0.700181871838527,0.898568162685606,0.201397150069048,0.012839695291705,0.00683921780012292
"C6",2,"GBLUP",25,1003,800,200,20863033,15.22,0.867059552692352,0.222627813758519,0.184557583409525,0.0345814677762068,0.988187616300174,0.745545267503277,0.420905257092514,0.702517579019811,0.898568162685606,0.201397150069048,0.0315086099932539,0.0212306636894714
"C6",2,"GBLUP",10,401,800,200,20863018,14.84,0.824352169481238,0.254264922549193,0.207563782239969,0.0374658295143445,0.926606961625699,0.668086749206985,0.404107547778138,0.710513800307609,0.898568162685606,0.201397150069048,0.0742159932043679,0.0528677724801455
"C6",2,"GBLUP",5,201,800,200,20863013,12.64,0.793289580915789,0.273505097411373,0.221801601470894,0.0239319918528739,0.88602520751216,0.615954625066016,0.387905607323781,0.716260833607161,0.898568162685606,0.201397150069048,0.105278581769817,0.072107947342325
"C6",2,"GBLUP",1,40,800,200,20863009,13.13,0.644960474704451,0.340897512720684,0.277367742989936,0.0333530899925069,0.886012260627234,0.403377875010614,0.374418073348525,0.715567138427717,0.898568162685606,0.201397150069048,0.253607687981155,0.139500362651637
"C6",2,"MARS",100,4010,800,200,20863208,43.4,0.622781881581399,0.363758519166983,0.292230925045846,0.0536764622475188,0.731245177470241,0.32067431401027,0.333525622577786,0.738853237707947,0.622781881581399,0.363758519166983,0,0
"C6",2,"MARS",50,2005,800,200,20863158,10.98,0.622781881581399,0.363758519166983,0.292230925045846,0.0536764622475188,0.731245177470241,0.32067431401027,0.333525622577786,0.738853237707947,0.622781881581399,0.363758519166983,0,0
"C6",2,"MARS",25,1003,800,200,20863133,2.98,0.622781881581399,0.363758519166983,0.292230925045846,0.0536764622475188,0.731245177470241,0.32067431401027,0.333525622577786,0.738853237707947,0.622781881581399,0.363758519166983,0,0
"C6",2,"MARS",10,401,800,200,20863118,0.740000000000009,0.622781881581399,0.363758519166983,0.292230925045846,0.0536764622475188,0.731245177470241,0.32067431401027,0.333525622577786,0.738853237707947,0.622781881581399,0.363758519166983,0,0
"C6",2,"MARS",5,201,800,200,20863113,0.280000000000001,0.622781881581399,0.363758519166983,0.292230925045846,0.0536764622475188,0.731245177470241,0.32067431401027,0.333525622577786,0.738853237707947,0.622781881581399,0.363758519166983,0,0
"C6",2,"MARS",1,40,800,200,20863109,0.039999999999992,0.622781881581399,0.363758519166983,0.292230925045846,0.0536764622475188,0.731245177470241,0.32067431401027,0.333525622577786,0.738853237707947,0.622781881581399,0.363758519166983,0,0
"C6",2,"TREE",100,4010,800,200,20863308,11.01,0.53088352685679,0.40511485785998,0.329993533736157,0.0619903931547858,0.621330438321472,0.157426040756551,0.314089235795649,0.747750813145782,0.53088352685679,0.40511485785998,0,0
"C6",2,"TREE",50,2005,800,200,20863258,4.5,0.530883526856794,0.405114857859975,0.329993533736153,0.0619903931547699,0.62133043832148,0.157426040756572,0.314089235795654,0.747750813145778,0.53088352685679,0.40511485785998,-3.77475828372553e-15,-4.9960036108132e-15
"C6",2,"TREE",25,1003,800,200,20863233,1.78,0.530883526856794,0.405114857859975,0.329993533736153,0.0619903931547699,0.62133043832148,0.157426040756572,0.314089235795654,0.747750813145778,0.53088352685679,0.40511485785998,-3.77475828372553e-15,-4.9960036108132e-15
"C6",2,"TREE",10,401,800,200,20863218,0.550000000000001,0.530883526856794,0.405114857859975,0.329993533736153,0.0619903931547699,0.62133043832148,0.157426040756572,0.314089235795654,0.747750813145778,0.53088352685679,0.40511485785998,-3.77475828372553e-15,-4.9960036108132e-15
"C6",2,"TREE",5,201,800,200,20863213,0.279999999999998,0.530883526856794,0.405114857859975,0.329993533736153,0.0619903931547699,0.62133043832148,0.157426040756572,0.314089235795654,0.747750813145778,0.53088352685679,0.40511485785998,-3.77475828372553e-15,-4.9960036108132e-15
"C6",2,"TREE",1,40,800,200,20863209,0.0599999999999987,0.366799016032572,0.419146592968657,0.337425328279717,0.0626074746759034,0.741389350863106,0.0980477001994451,0.24809245711927,0.750487086310331,0.53088352685679,0.40511485785998,0.164084510824218,0.0140317351086767
"C6",2,"BAGGING",100,4010,800,200,20863408,570.47,0.845529754775806,0.262759516922843,0.20740495263334,0.0488918019333311,1.39398940002476,0.645538885154222,0.432250220599797,0.700112722318872,0.845529754775806,0.262759516922843,0,0
"C6",2,"BAGGING",50,2005,800,200,20863358,241.42,0.84453099935208,0.262529869262966,0.206988690783331,0.0477752805833193,1.38617717496926,0.646158201210434,0.43076076690805,0.70029603583827,0.845529754775806,0.262759516922843,0.00099875542372585,-0.000229647659876986
"C6",2,"BAGGING",25,1003,800,200,20863333,105.23,0.841001614950841,0.260148282722154,0.204330192533333,0.0444968578333319,1.33516421574612,0.652548959672862,0.433496877018819,0.698300530661182,0.845529754775806,0.262759516922843,0.00452813982496492,-0.00261123420068887
"C6",2,"BAGGING",10,401,800,200,20863318,41.9599999999999,0.818848662757501,0.267192213521862,0.210442167350009,0.0434989504499833,1.25290451502956,0.633478643479677,0.401647147773784,0.70746224942643,0.845529754775806,0.262759516922843,0.026681092018305,0.00443269659901896
"C6",2,"BAGGING",5,201,800,200,20863313,22.6900000000001,0.814238396238728,0.270213938934985,0.215470955899997,0.0441376548666478,1.25773931339444,0.625141652708266,0.4046222527873,0.706700569797583,0.845529754775806,0.262759516922843,0.0312913585370779,0.00745442201214225
"C6",2,"BAGGING",1,40,800,200,20863309,5.13,0.739743500970399,0.302720410283335,0.240999935950008,0.0586942803833177,1.00366986748349,0.529526575882688,0.410372910397745,0.706393468390241,0.845529754775806,0.262759516922843,0.105786253805408,0.0399608933604927
"C6",2,"RF",100,4010,800,200,20863508,211.58,0.849873272251012,0.260995314857656,0.206120087049993,0.0468405531499945,1.40842069360778,0.650282703585948,0.438108839058652,0.69825888681316,0.849873272251012,0.260995314857656,0,0
"C6",2,"RF",50,2005,800,200,20863458,107.01,0.839913767585571,0.261762720006025,0.204359613799999,0.0488791803333258,1.33773702537075,0.648223130941891,0.426461009987136,0.701076217485664,0.849873272251012,0.260995314857656,0.0099595046654406,0.000767405148368927
"C6",2,"RF",25,1003,800,200,20863433,54.86,0.839413967597456,0.25936289003066,0.205069049266669,0.0448121238999971,1.31105257566605,0.654643715644832,0.422846690812796,0.701296442799857,0.849873272251012,0.260995314857656,0.0104593046535553,-0.0016324248269956
"C6",2,"RF",10,401,800,200,20863418,23.77,0.821791545737036,0.265286971161283,0.209833749433331,0.0477053860666649,1.23806450454685,0.63868704616073,0.422198107142727,0.701342151779085,0.849873272251012,0.260995314857656,0.0280817265139759,0.00429165630362682
"C6",2,"RF",5,201,800,200,20863413,13.17,0.797259856460095,0.277721588418229,0.221859219783331,0.0539181758166602,1.19328033232989,0.604022079476723,0.421945568790036,0.702185910697265,0.849873272251012,0.260995314857656,0.0526134157909164,0.0167262735605729
"C6",2,"RF",1,40,800,200,20863409,3.19,0.661176161562108,0.340567481134712,0.265156451050001,0.069075942069034,0.880026485932867,0.404532526041067,0.356297978039818,0.72725192992358,0.849873272251012,0.260995314857656,0.188697110688904,0.0795721662770558
"C6",2,"BOOSTING",100,4010,800,200,20863608,40.77,0.862476491091387,0.252623005940921,0.200320363825423,0.0325088748675289,1.42460294358338,0.672359570547746,0.438301589970633,0.696386159250936,0.862476491091387,0.252623005940921,0,0
"C6",2,"BOOSTING",50,2005,800,200,20863558,22.3,0.862150384000721,0.254170036406815,0.20023314251713,0.0440085331546867,1.4199978750533,0.668334428605497,0.437962353121542,0.697775774687943,0.862476491091387,0.252623005940921,0.000326107090666383,0.00154703046589405
"C6",2,"BOOSTING",25,1003,800,200,20863533,10.56,0.868809049889342,0.250555015023461,0.19809008007787,0.0400328548644948,1.43291736576314,0.6777017931355,0.444133336312659,0.695501483153238,0.862476491091387,0.252623005940921,-0.00633255879795469,-0.00206799091745985
"C6",2,"BOOSTING",10,401,800,200,20863518,4.25,0.858757476159061,0.253481856957969,0.20193891654996,0.0357328960771261,1.40269629782294,0.670128003015564,0.433746887967735,0.69781308347293,0.862476491091387,0.252623005940921,0.00371901493232663,0.000858851017048134
"C6",2,"BOOSTING",5,201,800,200,20863513,1.97,0.842639529200274,0.262364230621982,0.209971759612891,0.0397524973535817,1.38722230444544,0.646604560974375,0.41886243200955,0.702841454912968,0.862476491091387,0.252623005940921,0.0198369618911132,0.00974122468106053
"C6",2,"BOOSTING",1,40,800,200,20863509,0.420000000000002,0.759741565279092,0.294742035393203,0.237502570658516,0.0444422205968497,1.17711716805768,0.5539989859425,0.393415082154836,0.710221587978165,0.862476491091387,0.252623005940921,0.102734925812295,0.0421190294522819
"C6",3,"GBLUP",100,4010,800,200,20864108,17.67,0.876882206031961,0.196280216306332,0.154556190971893,0.0246147806334321,1.02697440846787,0.764691285071901,0.509050318643067,0.649564547376764,0.876882206031961,0.196280216306332,0,0
"C6",3,"GBLUP",50,2005,800,200,20864058,16.03,0.867238766745378,0.204495835935504,0.161050457678283,0.0266122450755031,0.938793980003776,0.744580591756179,0.498534581966222,0.653341677138986,0.876882206031961,0.196280216306332,0.00964343928658296,0.00821561962917203
"C6",3,"GBLUP",25,1003,800,200,20864033,13.47,0.852801557655468,0.218966942333203,0.172625668394041,0.0280118207756569,0.873236173429841,0.707152133734216,0.479877355246463,0.66224049308408,0.876882206031961,0.196280216306332,0.0240806483764934,0.0226867260268706
"C6",3,"GBLUP",10,401,800,200,20864018,14.83,0.83153690038648,0.235924401531112,0.183465300664375,0.0298177142317141,0.837620642313385,0.660037761403517,0.473837006673771,0.665553024336461,0.876882206031961,0.196280216306332,0.045345305645481,0.0396441852247801
"C6",3,"GBLUP",5,201,800,200,20864013,12.93,0.799535005395913,0.254666369323239,0.198796849413726,0.0284186500261787,0.820861725550099,0.603878741822064,0.474502378975941,0.66462172556038,0.876882206031961,0.196280216306332,0.0773472006360478,0.0583861530169063
"C6",3,"GBLUP",1,40,800,200,20864009,8.99000000000001,0.594439278510022,0.33693275464378,0.271354395430902,0.0324499307285141,0.747529944358056,0.306619823007503,0.365700921022496,0.703174638971583,0.876882206031961,0.196280216306332,0.282442927521939,0.140652538337447
"C6",3,"MARS",100,4010,800,200,20864208,42.51,0.677856890189793,0.322394869386076,0.260011537091256,0.0486013746598587,0.705718893364078,0.365164506835396,0.441291117608932,0.681117098411018,0.677856890189793,0.322394869386076,0,0
"C6",3,"MARS",50,2005,800,200,20864158,10.62,0.677856890189793,0.322394869386076,0.260011537091256,0.0486013746598587,0.705718893364078,0.365164506835396,0.441291117608932,0.681117098411018,0.677856890189793,0.322394869386076,0,0
"C6",3,"MARS",25,1003,800,200,20864133,3.36000000000001,0.677856890189793,0.322394869386076,0.260011537091256,0.0486013746598587,0.705718893364078,0.365164506835396,0.441291117608932,0.681117098411018,0.677856890189793,0.322394869386076,0,0
"C6",3,"MARS",10,401,800,200,20864118,0.779999999999987,0.677856890189793,0.322394869386076,0.260011537091256,0.0486013746598587,0.705718893364078,0.365164506835396,0.441291117608932,0.681117098411018,0.677856890189793,0.322394869386076,0,0
"C6",3,"MARS",5,201,800,200,20864113,0.300000000000011,0.677856890189793,0.322394869386076,0.260011537091256,0.0486013746598587,0.705718893364078,0.365164506835396,0.441291117608932,0.681117098411018,0.677856890189793,0.322394869386076,0,0
"C6",3,"MARS",1,40,800,200,20864109,0.0400000000000063,0.677856890189793,0.322394869386076,0.260011537091256,0.0486013746598587,0.705718893364078,0.365164506835396,0.441291117608932,0.681117098411018,0.677856890189793,0.322394869386076,0,0
"C6",3,"TREE",100,4010,800,200,20864308,11.42,0.392042598635223,0.442539320699376,0.359810185531894,0.00120555460673266,0.398611246059406,-0.196158376708157,0.231833256137877,0.764020048161274,0.392042598635223,0.442539320699376,0,0
"C6",3,"TREE",50,2005,800,200,20864258,4.44,0.39204259863522,0.442539320699377,0.359810185531896,0.00120555460673053,0.398611246059405,-0.196158376708159,0.231833256137877,0.764020048161274,0.392042598635223,0.442539320699376,2.38697950294409e-15,4.9960036108132e-16
"C6",3,"TREE",25,1003,800,200,20864233,1.9,0.39204259863522,0.442539320699377,0.359810185531896,0.00120555460673053,0.398611246059405,-0.196158376708159,0.231833256137877,0.764020048161274,0.392042598635223,0.442539320699376,2.38697950294409e-15,4.9960036108132e-16
"C6",3,"TREE",10,401,800,200,20864218,0.57,0.39204259863522,0.442539320699377,0.359810185531896,0.00120555460673053,0.398611246059405,-0.196158376708159,0.231833256137877,0.764020048161274,0.392042598635223,0.442539320699376,2.38697950294409e-15,4.9960036108132e-16
"C6",3,"TREE",5,201,800,200,20864213,0.289999999999999,0.39204259863522,0.442539320699377,0.359810185531896,0.00120555460673053,0.398611246059405,-0.196158376708159,0.231833256137877,0.764020048161274,0.392042598635223,0.442539320699376,2.38697950294409e-15,4.9960036108132e-16
"C6",3,"TREE",1,40,800,200,20864209,0.0700000000000003,0.276918460800224,0.407731051299535,0.329800466586698,0.00136348277832269,0.477169933514494,-0.0153891775766184,0.189308083167636,0.743084694654479,0.392042598635223,0.442539320699376,0.115124137834999,-0.0348082693998412
"C6",3,"BAGGING",100,4010,800,200,20864408,560.36,0.871683212545978,0.230800944138017,0.178664125933335,0.0236874521333422,1.48816547914372,0.674643027410048,0.571597759320521,0.647442797209149,0.871683212545978,0.230800944138017,0,0
"C6",3,"BAGGING",50,2005,800,200,20864358,221.74,0.875416869564535,0.228249985168888,0.177736836750001,0.02352226551667,1.48251099844621,0.681795386334985,0.586114582758565,0.642828438211006,0.871683212545978,0.230800944138017,-0.00373365701855666,-0.00255095896912902
"C6",3,"BAGGING",25,1003,800,200,20864333,99.9699999999999,0.870310309210838,0.228715994823621,0.178042406116664,0.0212972078500032,1.4554670822571,0.680494726468361,0.581645852686585,0.642932832702187,0.871683212545978,0.230800944138017,0.00137290333514051,-0.00208494931439601
"C6",3,"BAGGING",10,401,800,200,20864318,39.41,0.863422462020346,0.227913385084048,0.177098059483337,0.0219728372500149,1.39520738713579,0.682733206541667,0.574925310856329,0.642466026999095,0.871683212545978,0.230800944138017,0.00826075052563247,-0.00288755905396904
"C6",3,"BAGGING",5,201,800,200,20864313,20.75,0.862896624141638,0.224596279796931,0.177587480266669,0.0216965943666658,1.34889645521117,0.691901153083103,0.571391374606679,0.64118868606133,0.871683212545978,0.230800944138017,0.00878658840434055,-0.00620466434108616
"C6",3,"BAGGING",1,40,800,200,20864309,4.66999999999996,0.672050998302379,0.30194733650704,0.240772539766659,0.0351246718666672,0.955517935564865,0.443138282801213,0.486178157770391,0.664303147311773,0.871683212545978,0.230800944138017,0.199632214243599,0.0711463923690228
"C6",3,"RF",100,4010,800,200,20864508,215.17,0.876264640202047,0.228667101805764,0.17821122073334,0.0257794466666656,1.49047800901365,0.680631314268703,0.576391612096195,0.646077469297933,0.876264640202047,0.228667101805764,0,0
"C6",3,"RF",50,2005,800,200,20864458,107,0.881635515201679,0.221916037804208,0.172778109400013,0.0242279161333332,1.44835346981301,0.699210732810318,0.584078258674482,0.641227437212036,0.876264640202047,0.228667101805764,-0.00537087499963207,-0.00675106400155587
"C6",3,"RF",25,1003,800,200,20864433,54.61,0.878345640354099,0.222949912247175,0.173593700499988,0.0209019041333382,1.44172138079493,0.69640153758046,0.58851029709635,0.639552047100742,0.876264640202047,0.228667101805764,-0.00208100015205226,-0.00571718955858966
"C6",3,"RF",10,401,800,200,20864418,23.1,0.859521847891384,0.226350436614686,0.18084462748333,0.020049419783329,1.34807525441246,0.687069690718191,0.572949629306131,0.640784368716687,0.876264640202047,0.228667101805764,0.0167427923106628,-0.00231666519107854
"C6",3,"RF",5,201,800,200,20864413,12.37,0.843611521595943,0.231389473869687,0.183531295483326,0.0232197274166669,1.28707726986455,0.672981627045295,0.569852858407955,0.640165753134269,0.876264640202047,0.228667101805764,0.0326531186061041,0.00272237206392262
"C6",3,"RF",1,40,800,200,20864409,3.26999999999998,0.729428643627781,0.276864341867475,0.218081975390477,-0.000477620657146289,1.02221920903803,0.531813370497359,0.495321496621282,0.657641308298704,0.876264640202047,0.228667101805764,0.146835996574266,0.0481972400617106
"C6",3,"BOOSTING",100,4010,800,200,20864608,40.86,0.899895211764047,0.212494258330725,0.167638009537215,0.0170387240005549,1.47435993124958,0.724209465992883,0.558580817502403,0.647658100610579,0.899895211764047,0.212494258330725,0,0
"C6",3,"BOOSTING",50,2005,800,200,20864558,22.74,0.897946083989016,0.213932730007444,0.168857996975409,0.0233720131141977,1.47034517044744,0.720462920982429,0.575626176045382,0.643338105359462,0.899895211764047,0.212494258330725,0.00194912777503042,0.00143847167671976
"C6",3,"BOOSTING",25,1003,800,200,20864533,11.03,0.882871476099776,0.219857504790089,0.175189600054066,0.0184242053753751,1.43934563821776,0.704765201148568,0.559000107000029,0.64734190016467,0.899895211764047,0.212494258330725,0.0170237356642708,0.00736324645936412
"C6",3,"BOOSTING",10,401,800,200,20864518,4.22,0.887622089542918,0.215027377927002,0.170107094016368,0.0207157584134992,1.41450865847832,0.71759493966352,0.56032981404326,0.64568267403388,0.899895211764047,0.212494258330725,0.0122731222211292,0.00253311959627764
"C6",3,"BOOSTING",5,201,800,200,20864513,2.06999999999999,0.878779310089815,0.216691467590264,0.168689525114807,0.0196270347593065,1.37164414127147,0.713206979398534,0.544938489621955,0.648854272224114,0.899895211764047,0.212494258330725,0.0211159016742316,0.00419720925953943
"C6",3,"BOOSTING",1,40,800,200,20864509,0.440000000000012,0.79387593886889,0.253884819016734,0.198164085978821,0.0171826974507763,1.23059312885396,0.606306338684176,0.485308735325464,0.665971999818947,0.899895211764047,0.212494258330725,0.106019272895157,0.0413905606860095
"C6",4,"GBLUP",100,4010,800,200,20865108,18.48,0.894601239378357,0.183425364455912,0.151255294261025,-0.00845201082874084,1.02509929712926,0.799405676480309,0.40963978324413,0.705125213832504,0.894601239378357,0.183425364455912,0,0
"C6",4,"GBLUP",50,2005,800,200,20865058,15.08,0.886382618345557,0.190592969754887,0.158220173719841,-0.00634610974342074,0.951836335336478,0.78342236248885,0.402734942443794,0.709729352389853,0.894601239378357,0.183425364455912,0.0082186210327998,0.00716760529897451
"C6",4,"GBLUP",25,1003,800,200,20865033,13.81,0.869849253450759,0.206228351032598,0.171101606307186,-0.00497055347408576,0.896615747111576,0.746430744094652,0.389261159507719,0.717226150949245,0.894601239378357,0.183425364455912,0.0247519859275971,0.0228029865766859
"C6",4,"GBLUP",10,401,800,200,20865018,15.08,0.838687811471255,0.234048015507923,0.189974564505921,-0.00729083458666238,0.829600674620967,0.673404810272046,0.373361420813911,0.726782589497682,0.894601239378357,0.183425364455912,0.0559134279071016,0.0506226510520105
"C6",4,"GBLUP",5,201,800,200,20865013,9.69,0.809193099862591,0.248987758183431,0.195006315157137,-0.0118840112138385,0.840524387623154,0.630379672391884,0.354251940618914,0.731783527231104,0.894601239378357,0.183425364455912,0.0854081395157659,0.0655623937275185
"C6",4,"GBLUP",1,40,800,200,20865009,4.83,0.526016656428115,0.3662213473126,0.286613164864956,-0.000533886286215122,0.655656837476993,0.200373515805892,0.230683766547171,0.765450923332067,0.894601239378357,0.183425364455912,0.368584582950242,0.182795982856688
"C6",4,"MARS",100,4010,800,200,20865208,43.35,0.656200144799564,0.33467740071768,0.269678148069853,-0.0187570932060193,0.678917008367661,0.332190439125358,0.329752230449097,0.742513203786542,0.656200144799564,0.33467740071768,0,0
"C6",4,"MARS",50,2005,800,200,20865158,11.39,0.656200144799564,0.33467740071768,0.269678148069853,-0.0187570932060193,0.678917008367661,0.332190439125358,0.329752230449097,0.742513203786542,0.656200144799564,0.33467740071768,0,0
"C6",4,"MARS",25,1003,800,200,20865133,3.08000000000001,0.656200144799564,0.33467740071768,0.269678148069853,-0.0187570932060193,0.678917008367661,0.332190439125358,0.329752230449097,0.742513203786542,0.656200144799564,0.33467740071768,0,0
"C6",4,"MARS",10,401,800,200,20865118,0.75,0.656200144799564,0.33467740071768,0.269678148069853,-0.0187570932060193,0.678917008367661,0.332190439125358,0.329752230449097,0.742513203786542,0.656200144799564,0.33467740071768,0,0
"C6",4,"MARS",5,201,800,200,20865113,0.269999999999996,0.656200144799564,0.33467740071768,0.269678148069853,-0.0187570932060193,0.678917008367661,0.332190439125358,0.329752230449097,0.742513203786542,0.656200144799564,0.33467740071768,0,0
"C6",4,"MARS",1,40,800,200,20865109,0.0400000000000063,0.656200144799564,0.33467740071768,0.269678148069853,-0.0187570932060193,0.678917008367661,0.332190439125358,0.329752230449097,0.742513203786542,0.656200144799564,0.33467740071768,0,0
"C6",4,"TREE",100,4010,800,200,20865308,11.05,0.423967186971638,0.443305484578167,0.361117721604188,-0.0317462887985343,0.41907062631028,-0.171672040665472,0.0910377028534646,0.842962883453266,0.423967186971638,0.443305484578167,0,0
"C6",4,"TREE",50,2005,800,200,20865258,4.27,0.423967186971636,0.443305484578166,0.361117721604187,-0.0317462887985221,0.41907062631028,-0.171672040665468,0.0910377028534624,0.842962883453266,0.423967186971638,0.443305484578167,1.99840144432528e-15,-7.21644966006352e-16
"C6",4,"TREE",25,1003,800,200,20865233,1.93,0.423967186971636,0.443305484578166,0.361117721604187,-0.0317462887985221,0.41907062631028,-0.171672040665468,0.0910377028534624,0.842962883453266,0.423967186971638,0.443305484578167,1.99840144432528e-15,-7.21644966006352e-16
"C6",4,"TREE",10,401,800,200,20865218,0.650000000000002,0.423967186971636,0.443305484578166,0.361117721604187,-0.0317462887985221,0.41907062631028,-0.171672040665468,0.0910377028534624,0.842962883453266,0.423967186971638,0.443305484578167,1.99840144432528e-15,-7.21644966006352e-16
"C6",4,"TREE",5,201,800,200,20865213,0.32,0.423967186971636,0.443305484578166,0.361117721604187,-0.0317462887985221,0.41907062631028,-0.171672040665468,0.0910377028534624,0.842962883453266,0.423967186971638,0.443305484578167,1.99840144432528e-15,-7.21644966006352e-16
"C6",4,"TREE",1,40,800,200,20865209,0.0799999999999983,0.319980887722717,0.422935296788329,0.346953202391506,-0.0321822580425368,0.442379469468781,-0.0664677345512521,-0.0547264393338434,0.842541195347399,0.423967186971638,0.443305484578167,0.103986299248921,-0.0203701877898381
"C6",4,"BAGGING",100,4010,800,200,20865408,537.1,0.842534915266879,0.237032753974126,0.195753774249997,-0.00732683128334195,1.33411790023106,0.665021770701854,0.381457716350863,0.71408667249432,0.842534915266879,0.237032753974126,0,0
"C6",4,"BAGGING",50,2005,800,200,20865358,205.92,0.839916487830392,0.237029263205903,0.19737687033333,-0.0092156341333348,1.31213930668059,0.665031637040816,0.369354211769735,0.71741326066686,0.842534915266879,0.237032753974126,0.00261842743648766,-3.4907682231744e-06
"C6",4,"BAGGING",25,1003,800,200,20865333,97.67,0.822753344627138,0.242052815068063,0.198017629783329,-0.00882107418332943,1.24244920935683,0.650682668851671,0.362909374280517,0.719045765999112,0.842534915266879,0.237032753974126,0.0197815706397415,0.00502006109393677
"C6",4,"BAGGING",10,401,800,200,20865318,35.8199999999999,0.808593405469611,0.248157182023747,0.20400180488334,-0.00704706795000405,1.21635387930333,0.632841526669972,0.35981487718989,0.719868247012697,0.842534915266879,0.237032753974126,0.0339415097972681,0.0111244280496208
"C6",4,"BAGGING",5,201,800,200,20865313,19.88,0.780096976420836,0.257990424508136,0.214407903533337,-0.0095968268333349,1.09785236289126,0.603167683703817,0.324268528558052,0.731069634218841,0.842534915266879,0.237032753974126,0.0624379388460438,0.0209576705340095
"C6",4,"BAGGING",1,40,800,200,20865309,4.45000000000005,0.687669920700392,0.306319398240886,0.253574176933332,0.00675111116665619,0.793433719384585,0.440565999118338,0.299863726937103,0.745960148642016,0.842534915266879,0.237032753974126,0.154864994566487,0.0692866442667596
"C6",4,"RF",100,4010,800,200,20865508,213.75,0.835481134414333,0.240655297544266,0.198194836016667,-0.0125575504166743,1.32698690551647,0.654704665625213,0.378758467542156,0.715095298955099,0.835481134414333,0.240655297544266,0,0
"C6",4,"RF",50,2005,800,200,20865458,101.61,0.830127806868232,0.242079755499409,0.198892619683333,-0.00756579838333472,1.30776850956948,0.650604906622109,0.355804481414722,0.721196125591783,0.835481134414333,0.240655297544266,0.00535332754610096,0.00142445795514351
"C6",4,"RF",25,1003,800,200,20865433,47.9,0.828006347167223,0.240052279953342,0.196531231116666,-0.00862784251666888,1.25733035847449,0.656432932504403,0.364620215511868,0.718562653748097,0.835481134414333,0.240655297544266,0.00747478724710993,-0.000603017590924182
"C6",4,"RF",10,401,800,200,20865418,20.34,0.812541846931571,0.24476475970989,0.199015800683332,-0.00703501631669276,1.19192281886911,0.642811360490877,0.355437388315136,0.721159264849801,0.835481134414333,0.240655297544266,0.0229392874827616,0.00410946216562383
"C6",4,"RF",5,201,800,200,20865413,11.5,0.791487229197567,0.253073714179365,0.204210982566671,-0.00740737580000712,1.12718673785313,0.618148997047402,0.33782831010062,0.726674559908775,0.835481134414333,0.240655297544266,0.0439939052167652,0.0124184166350993
"C6",4,"RF",1,40,800,200,20865409,2.75999999999999,0.716436950240248,0.287637854579398,0.225552289442852,-0.0200820387428693,0.917448587526926,0.506721781033198,0.367872492403391,0.718943384016261,0.835481134414333,0.240655297544266,0.119044184174085,0.0469825570351323
"C6",4,"BOOSTING",100,4010,800,200,20865608,41.16,0.85845986161693,0.232232221130396,0.187514189028852,-0.00748538520486399,1.39070828466937,0.678452742701868,0.382799406804265,0.714040089753171,0.85845986161693,0.232232221130396,0,0
"C6",4,"BOOSTING",50,2005,800,200,20865558,22.67,0.848205325601741,0.238465060435944,0.195720158401755,-0.00643207687546095,1.39768005625618,0.660961225643664,0.365163754748309,0.718981718865355,0.85845986161693,0.232232221130396,0.010254536015189,0.00623283930554738
"C6",4,"BOOSTING",25,1003,800,200,20865533,10.72,0.842503012570972,0.238817830781721,0.194394437178583,-0.00840338259176669,1.35850803574271,0.659957378019822,0.361802253156753,0.719742282167883,0.85845986161693,0.232232221130396,0.0159568490459583,0.00658560965132457
"C6",4,"BOOSTING",10,401,800,200,20865518,4.18000000000001,0.830122176056526,0.241666449015011,0.19544643032844,-0.00419494654919269,1.30267011141309,0.651796943379153,0.350054795970667,0.722658941259235,0.85845986161693,0.232232221130396,0.0283376855604044,0.00943422788461423
"C6",4,"BOOSTING",5,201,800,200,20865513,2.11,0.830005936313501,0.241737460682782,0.196556564060691,-0.00366473860962223,1.30291897202581,0.651592280193931,0.359724434393619,0.719946010107955,0.85845986161693,0.232232221130396,0.0284539253034291,0.00950523955238514
"C6",4,"BOOSTING",1,40,800,200,20865509,0.439999999999998,0.773139741495557,0.264104000974945,0.212285760244314,0.00860613492119839,1.17427694721527,0.584137443831873,0.349630902477697,0.722413139443648,0.85845986161693,0.232232221130396,0.0853201201213734,0.0318717798445482
"C6",5,"GBLUP",100,4010,800,200,20866108,7.5,0.892461523072408,0.176645644313099,0.140356480909804,-0.0132629663953364,0.939862861898946,0.792054421473535,0.412120665713007,0.615146553551605,0.892461523072408,0.176645644313099,0,0
"C6",5,"GBLUP",50,2005,800,200,20866058,5.63,0.881632276596943,0.191176731645439,0.152741577662827,-0.0163967153677211,0.86464404104126,0.756435555979932,0.400460599515908,0.625040227283502,0.892461523072408,0.176645644313099,0.0108292464754648,0.01453108733234
"C6",5,"GBLUP",25,1003,800,200,20866033,5.11,0.872571760536158,0.202928102746651,0.16196551188123,-0.0205346986747219,0.827687326508849,0.725572130378088,0.385920043538997,0.634546192554858,0.892461523072408,0.176645644313099,0.0198897625362495,0.0262824584335524
"C6",5,"GBLUP",10,401,800,200,20866018,5.22,0.85377123459402,0.220472817159057,0.177564092611004,-0.0249655544699986,0.794604563949104,0.676067944266483,0.369969532298598,0.643768446331378,0.892461523072408,0.176645644313099,0.0386902884783876,0.0438271728459582
"C6",5,"GBLUP",5,201,800,200,20866013,5.53,0.820191950304613,0.242685633325765,0.199069884267456,-0.0198400042780388,0.766275795942561,0.607506960758751,0.34854489239507,0.652012049770395,0.892461523072408,0.176645644313099,0.0722695727677942,0.0660399890126656
"C6",5,"GBLUP",1,40,800,200,20866009,4.69,0.54407417097354,0.340305346056372,0.272336458833571,-0.0140734749533246,0.678512445283385,0.22824159549462,0.216281584377876,0.672271362669831,0.892461523072408,0.176645644313099,0.348387352098868,0.163659701743273
"C6",5,"MARS",100,4010,800,200,20866208,43.2,0.721609702092824,0.301356505663819,0.238634001648949,-0.00688186041421005,0.670622615809096,0.394791572316554,0.337464534065405,0.656351342932907,0.721609702092824,0.301356505663819,0,0
"C6",5,"MARS",50,2005,800,200,20866158,10.92,0.721609702092824,0.301356505663819,0.238634001648949,-0.00688186041421005,0.670622615809096,0.394791572316554,0.337464534065405,0.656351342932907,0.721609702092824,0.301356505663819,0,0
"C6",5,"MARS",25,1003,800,200,20866133,3.22,0.721609702092824,0.301356505663819,0.238634001648949,-0.00688186041421005,0.670622615809096,0.394791572316554,0.337464534065405,0.656351342932907,0.721609702092824,0.301356505663819,0,0
"C6",5,"MARS",10,401,800,200,20866118,0.75,0.721609702092824,0.301356505663819,0.238634001648949,-0.00688186041421005,0.670622615809096,0.394791572316554,0.337464534065405,0.656351342932907,0.721609702092824,0.301356505663819,0,0
"C6",5,"MARS",5,201,800,200,20866113,0.310000000000002,0.721609702092824,0.301356505663819,0.238634001648949,-0.00688186041421005,0.670622615809096,0.394791572316554,0.337464534065405,0.656351342932907,0.721609702092824,0.301356505663819,0,0
"C6",5,"MARS",1,40,800,200,20866109,0.0500000000000114,0.721609702092824,0.301356505663819,0.238634001648949,-0.00688186041421005,0.670622615809096,0.394791572316554,0.337464534065405,0.656351342932907,0.721609702092824,0.301356505663819,0,0
"C6",5,"TREE",100,4010,800,200,20866308,11.09,0.477553282280666,0.421912161062087,0.330695908060418,0.0749112721574352,0.437516475680572,-0.186281919584567,0.331837361113111,0.660314384287177,0.477553282280666,0.421912161062087,0,0
"C6",5,"TREE",50,2005,800,200,20866258,4.49,0.477553282280657,0.421912161062086,0.330695908060418,0.0749112721574369,0.437516475680567,-0.186281919584564,0.331837361113104,0.660314384287178,0.477553282280666,0.421912161062087,8.60422844084496e-15,-3.33066907387547e-16
"C6",5,"TREE",25,1003,800,200,20866233,1.88,0.477553282280657,0.421912161062086,0.330695908060418,0.0749112721574369,0.437516475680567,-0.186281919584564,0.331837361113104,0.660314384287178,0.477553282280666,0.421912161062087,8.60422844084496e-15,-3.33066907387547e-16
"C6",5,"TREE",10,401,800,200,20866218,0.560000000000002,0.477553282280657,0.421912161062086,0.330695908060418,0.0749112721574369,0.437516475680567,-0.186281919584564,0.331837361113104,0.660314384287178,0.477553282280666,0.421912161062087,8.60422844084496e-15,-3.33066907387547e-16
"C6",5,"TREE",5,201,800,200,20866213,0.279999999999998,0.477553282280657,0.421912161062086,0.330695908060418,0.0749112721574369,0.437516475680567,-0.186281919584564,0.331837361113104,0.660314384287178,0.477553282280666,0.421912161062087,8.60422844084496e-15,-3.33066907387547e-16
"C6",5,"TREE",1,40,800,200,20866209,0.0599999999999987,0.250079966518849,0.395283430367959,0.309662003853195,0.0117378847216765,0.438092041742114,-0.0412644560316435,0.0989986196971667,0.680218645344562,0.477553282280666,0.421912161062087,0.227473315761817,-0.0266287306941275
"C6",5,"BAGGING",100,4010,800,200,20866408,499.5,0.867897337479271,0.20867536422203,0.164185305533335,0.00950413759999542,1.31314969362367,0.709807499568534,0.422490305097615,0.603902552174921,0.867897337479271,0.20867536422203,0,0
"C6",5,"BAGGING",50,2005,800,200,20866358,197.03,0.872254391632577,0.205887509707801,0.161685229333334,0.00272435023332804,1.3131556060574,0.717509514153456,0.414628187729098,0.606406718389769,0.867897337479271,0.20867536422203,-0.00435705415330567,-0.00278785451422986
"C6",5,"BAGGING",25,1003,800,200,20866333,86.1900000000001,0.855889740438208,0.211577929167547,0.168869547166667,0.00862577026666408,1.25568559862588,0.701678503833258,0.405142932497154,0.60868875415024,0.867897337479271,0.20867536422203,0.0120075970410632,0.00290256494551694
"C6",5,"BAGGING",10,401,800,200,20866318,34.38,0.859683844377792,0.206829087097817,0.166784720216663,0.01247355761665,1.21476056612082,0.714919800304481,0.415157868252296,0.605514963399438,0.867897337479271,0.20867536422203,0.00821349310147923,-0.00184627712421298
"C6",5,"BAGGING",5,201,800,200,20866313,18.5500000000001,0.82085046137846,0.223042487487141,0.181027893399999,0.00730356983332108,1.09392344478314,0.668472908124519,0.392180934258861,0.613195014056672,0.867897337479271,0.20867536422203,0.0470468761008112,0.0143671232651106
"C6",5,"BAGGING",1,40,800,200,20866309,4.23000000000002,0.723015630610639,0.269446440299998,0.21445734489999,0.00345308830000853,0.899694628835183,0.516174532330735,0.370384152360816,0.622032587229957,0.867897337479271,0.20867536422203,0.144881706868633,0.0607710760779674
"C6",5,"RF",100,4010,800,200,20866508,205.21,0.876691015706832,0.205281077370069,0.162901192599993,0.00594896849999351,1.33861255105651,0.719171189220838,0.409661196811108,0.607740661281197,0.876691015706832,0.205281077370069,0,0
"C6",5,"RF",50,2005,800,200,20866458,93.8,0.87165174081669,0.204309394278263,0.165553650249997,0.00528964898332916,1.28692254177499,0.721823462774726,0.411877202436838,0.60693071677572,0.876691015706832,0.205281077370069,0.00503927489014178,-0.000971683091805203
"C6",5,"RF",25,1003,800,200,20866433,45.08,0.854174263928215,0.212438594604606,0.169689286316663,0.00640288974998647,1.25485018991691,0.699246518406498,0.397471757568632,0.61100104702592,0.876691015706832,0.205281077370069,0.0225167517786163,0.00715751723453731
"C6",5,"RF",10,401,800,200,20866418,18.87,0.839452582817,0.216131623962383,0.172682362333339,0.00882411486665639,1.17388962780208,0.688699041750998,0.385206270783013,0.614707339925562,0.876691015706832,0.205281077370069,0.0372384328898321,0.0108505465923143
"C6",5,"RF",5,201,800,200,20866413,10.89,0.820303885367063,0.224318640313635,0.178307189416664,0.00985669744999996,1.11876091884396,0.664668345339128,0.390139604986517,0.613423304126892,0.876691015706832,0.205281077370069,0.0563871303397686,0.0190375629435663
"C6",5,"RF",1,40,800,200,20866409,2.59999999999997,0.707341604200796,0.281045644214373,0.223669405287307,0.0180414026206232,0.818685617611488,0.473622227714109,0.372622404013326,0.623524675962594,0.876691015706832,0.205281077370069,0.169349411506036,0.0757645668443044
"C6",5,"BOOSTING",100,4010,800,200,20866608,40.18,0.879054101285667,0.203842707433339,0.161027909597324,-0.00438972464955803,1.3389300131815,0.723092842099639,0.440115078228571,0.599789301894564,0.879054101285667,0.203842707433339,0,0
"C6",5,"BOOSTING",50,2005,800,200,20866558,21.83,0.869245250798808,0.206605109664861,0.163701669480715,-0.00621681601876539,1.29783849413282,0.715536898793448,0.421424877017371,0.604963078723602,0.879054101285667,0.203842707433339,0.00980885048685964,0.00276240223152144
"C6",5,"BOOSTING",25,1003,800,200,20866533,10.44,0.866287819598047,0.208977397387428,0.165501074427983,-0.00796333067656477,1.30535316095469,0.708966852281362,0.414316524779901,0.607178134007908,0.879054101285667,0.203842707433339,0.0127662816876202,0.00513468995408858
"C6",5,"BOOSTING",10,401,800,200,20866518,4.11999999999999,0.855271381908037,0.21311717259536,0.16827976908999,-0.00986276202235459,1.27236552046928,0.697322097465175,0.428841704730733,0.60306942292662,0.879054101285667,0.203842707433339,0.0237827193776303,0.00927446516202093
"C6",5,"BOOSTING",5,201,800,200,20866513,1.97999999999999,0.841564676235412,0.218136130910397,0.174543596763001,-0.0121675806247067,1.22761001030714,0.682897960162389,0.41402987026666,0.607380114673898,0.879054101285667,0.203842707433339,0.0374894250502553,0.014293423477058
"C6",5,"BOOSTING",1,40,800,200,20866509,0.390000000000001,0.761194368653927,0.253121386825601,0.201293971796334,-0.00938511718461328,1.11121541461828,0.573025924590045,0.384554179986623,0.615678015943654,0.879054101285667,0.203842707433339,0.11785973263174,0.049278679392262
